"ID","filiere.","Sexe","Age.","Electricité","Analyse.2","Algèbre.2","Math","LT","Note.du.Semestre2"
1,"SMPC","M",19,"2","6.5","6","6.25","8",4.857
2,"SMPC","F",20,"0","0","2","1","8.67",2.024
3,"SMPC","M",19,"0","ABI","0","ABI","10.67",1.524
4,"SMPC","M",27,"14","ABI","ABI","ABI","10.5",8.286
5,"SMPC","M",19,"1","0","18","9","8.67",4.596
6,"SMPC","M",20,"13.5","13.5","12.5","13","9.33",10.476
7,"SMPC","M",20,"0","0","0","0","13.33",2.476
8,"SMPC","M",20,"4.5","0","0","0","10.67",3.239
9,"SMPC","F",21,"0","0","0","0","7.33",2.261
10,"SMPC","M",26,"3.5","4.5","0","2.25","10.5",5.383
11,"SMPC","F",19,"ABI","ABI","ABI","ABI","ABI",0
12,"SMPC","M",19,"0","0","0","0","9.33",2.119
13,"SMPC","M",24,"0","0","6","0","10.5",4.5
14,"SMPC","F",20,"7","7.5","10","8.75","13.33",7.904
15,"SMPC","M",22,"ABI","ABI","ABI","ABI","ABI",0
16,"SMPC","M",20,"15","4.6","6","4.9","10.5",12
17,"SMPC","F",20,"0","0","8","4","11.33",4.761
18,"SMPC","F",20,"3","0","0","0","10.67",3.953
19,"SMPC","M",38,"3","13.5","14","13.75","13.33",10.047
20,"SMPC","F",24,"ABI","ABI","ABI","ABI","ABI",0
21,"SMPC","F",22,"12.5","14","6","7","10.5",12.286
22,"SMPC","F",20,"6","6.5","7","6.75","17.33",8.333
23,"SMPC","M",21,"1","0","0","0","10.67",3.524
24,"SMPC","M",19,"12","10","6","8","16.67",10.596
25,"SMPC","M",25,"ABI","4.6","6","4.9","10.5",4.511
26,"SMPC","M",19,"0","0","0","0","4.67",2.096
27,"SMPC","F",19,"1","0","0","0","10.67",3.167
28,"SMPC","F",21,"ABI","ABI","ABI","ABI","10.5",3.786
29,"SMPC","M",20,"7","12","13","12.5","10.5",9.643
30,"SMPC","F",19,"0","ABI","ABI","ABI","9.33",1.976
31,"SMPC","F",19,"ABI","ABI","ABI","ABI","ABI",0
32,"SMPC","M",22,"0","0","0","0","10.5",1.929
33,"SMPC","M",19,"0","6","0","3","12",5.143
34,"SMPC","M",22,"5.5","0","ABI","ABI","ABI",2.714
35,"SMPC","M",22,"7.5","1","6","3.5","7.33",4.619
36,"SMPC","M",21,"ABI","ABI","0","ABI","10.5",4.25
37,"SMPC","M",26,"ABI","ABI","ABI","ABI","ABI",0
38,"SMPC","M",19,"0","0","11","5.5","10.5",4.429
39,"SMPC","F",22,"12","11","6","5.5","10.5",10.75
40,"SMPC","M",18,"ABI","ABI","ABI","ABI","ABI",0
41,"SMPC","M",19,"12.5","3.5","8","5.75","15.33",8.404
42,"SMPC","F",20,"ABI","0","0","0","13.33",1.904
43,"SMPC","M",19,"11.5","11","11.5","11.25","6",7.071
44,"SMPC","M",18,"14.5","6.5","11","8.75","14",10.571
45,"SMPC","M",22,"ABI","ABI","ABI","ABI","ABI",0
46,"SMPC","M",19,"10","8.5","19","13.75","6.67",7.596
47,"SMPC","M",25,"ABI","ABI","ABI","ABI","10.5",3.6
48,"SMPC","F",23,"ABI","ABI","ABI","ABI","10.5",3.643
49,"SMPC","F",21,"ABI","ABI","ABI","ABI","ABI",0
50,"SMPC","M",24,"ABI","ABI","ABI","ABI","ABI",0
51,"SMPC","M",25,"7.5","6.5","6","3.25","10.5",9.286
52,"SMPC","F",22,"ABI","ABI","ABI","ABI","ABI",0
53,"SMPC","F",20,"11","3","2","2.5","6.67",4.81
54,"SMPC","F",19,"0","0","0","0","8",1.929
55,"SMPC","M",25,"ABI","ABI","ABI","ABI","ABI",0
56,"SMPC","M",20,"10","5","12","8.5","10.5",11.607
57,"SMPC","M",19,"ABI","ABI","ABI","ABI","ABI",0
58,"SMPC","M",32,"ABI","ABI","ABI","ABI","10.5",3.057
59,"SMPC","M",21,"6","6","3","4.5","10.67",5.096
60,"SMPC","M",28,"ABI","ABI","ABI","ABI","10.5",4.4
61,"SMPC","M",21,"ABI","ABI","ABI","ABI","ABI",0
62,"SMPC","M",27,"ABI","ABI","ABI","ABI","10.5",1.486
63,"SMPC","F",19,"15.5","6","11","8.5","13.33",9.404
64,"SMPC","F",19,"6.5","0","10","5","13.33",6.69
65,"SMPC","F",19,"12","10","10","10","0",8.786
66,"SMPC","M",25,"ABI","ABI","ABI","ABI","ABI",0
67,"SMPC","M",22,"0","0","7","3.5","12.67",4.596
68,"SMPC","F",19,"18","12","13","12.5","13.33",13.19
69,"SMPC","M",27,"0","0","0","0","10.5",2.5
70,"SMPC","M",22,"11.5","5","6","2.5","10.5",9.357
71,"SMPC","M",25,"ABI","4.6","ABI","ABI","10.5",6.143
72,"SMPC","M",24,"ABI","ABI","ABI","ABI","10.5",1.429
73,"SMPC","F",20,"5","8","11","9.5","13.33",8.547
74,"SMPC","F",27,"ABI","ABI","ABI","ABI","ABI",0
75,"SMPC","F",26,"ABI","ABI","ABI","ABI","10.5",3
76,"SMPC","F",20,"ABI","ABI","ABI","ABI","ABI",0
77,"SMPC","M",22,"4","8","3","5.5","12",4.857
78,"SMPC","M",19,"7","5","10","7.5","8",7.571
79,"SMPC","F",23,"0","0","0","0","8.67",2.524
80,"SMPC","F",21,"11.5","13","6","6.5","10.5",10.321
81,"SMPC","M",20,"ABI","ABI","ABI","ABI","10.5",3.107
82,"SMPC","M",20,"5.5","10","6","5","10.5",14
83,"SMPC","M",19,"10","3","10","6.5","13.33",8.761
84,"SMPC","F",20,"2.5","0","6","0","10.5",8
85,"SMPC","M",19,"0","0","4","2","10.67",4.524
86,"SMPC","F",21,"11","5","6","2.5","10.5",10.5
87,"SMPC","F",21,"ABI","ABI","ABI","ABI","ABI",0
88,"SMPC","M",19,"ABI","ABI","ABI","ABI","ABI",0
89,"SMPC","M",22,"ABI","ABI","ABI","ABI","ABI",0
90,"SMPC","M",19,"ABI","ABI","ABI","ABI","ABI",0
91,"SMPC","M",21,"3","3.5","6","4.75","12",6
92,"SMPC","F",21,"ABI","ABI","ABI","ABI","10.5",3.429
93,"SMPC","M",19,"18.5","11.5","12","11.75","16",12.571
94,"SMPC","M",20,"ABI","ABI","ABI","ABI","ABI",0
95,"SMPC","M",28,"ABI","ABI","ABI","ABI","ABI",0
96,"SMPC","M",20,"4.5","6","4","5","10",6.214
97,"SMPC","M",23,"5.5","5.5","3","4.25","12.67",8.024
98,"SMPC","M",22,"17.5","10.5","7","8.75","9.33",8.69
99,"SMPC","M",19,"ABI","ABI","ABI","ABI","ABI",0
100,"SMPC","M",26,"ABI","ABI","ABI","ABI","10.5",1.514
101,"SMPC","M",20,"ABI","ABI","ABI","ABI","ABI",0
102,"SMPC","M",19,"ABI","0","0","0","11.33",2.904
103,"SMPC","M",38,"0","2","2","2","14.67",4.596
104,"SMPC","M",23,"ABI","ABI","ABI","ABI","ABI",0
105,"SMPC","M",31,"ABI","ABI","ABI","ABI","10.5",1.514
106,"SMPC","M",19,"0","15","20","17.5","13.33",9.976
107,"SMPC","M",19,"ABI","ABI","ABI","ABI","ABI",0
108,"SMPC","F",19,"1.5","0","6","3","8.67",3.31
109,"SMPC","F",21,"17","5","8","6.5","14",9.929
110,"SMPC","M",19,"ABI","ABI","ABI","ABI","ABI",0
111,"SMPC","F",21,"14.5","1","13","7","10.5",9
112,"SMPC","F",28,"ABI","ABI","ABI","ABI","ABI",0
113,"SMPC","M",20,"ABI","ABI","6","ABI","10.5",4.714
114,"SMPC","M",23,"0","0","0","0","8.67",1.739
115,"SMPC","F",20,"ABI","ABI","ABI","ABI","10.5",1.429
116,"SMPC","F",22,"ABI","ABI","6","ABI","10.5",5
117,"SMPC","F",19,"6","2.5","14","8.25","10",8.143
118,"SMPC","M",19,"ABI","ABI","ABI","ABI","ABI",0
119,"SMPC","F",22,"ABI","ABI","ABI","ABI","10.5",2.929
120,"SMPC","F",27,"ABI","ABI","ABI","ABI","10.5",1.514
121,"SMPC","F",19,"0","0","0","0","6",1.571
122,"SMPC","M",21,"3.5","3","10","6.5","10",6.143
123,"SMPC","F",23,"ABI","ABI","ABI","ABI","10.5",1.429
124,"SMPC","M",26,"ABI","ABI","ABI","ABI","10.5",6.271
125,"SMPC","M",20,"0","13","12","12.5","15.33",8.976
126,"SMPC","M",23,"13","8","12","10","15.33",8.69
127,"SMPC","F",19,"14","4","7","5.5","16.67",7.953
128,"SMPC","F",20,"8","15","6","7.5","12.67",11.096
129,"SMPC","M",20,"ABI","ABI","ABI","ABI","ABI",0
130,"SMPC","F",21,"8.5","4.5","11","7.75","10.5",9.5
131,"SMPC","M",20,"ABI","ABI","ABI","ABI","ABI",0
132,"SMPC","M",22,"16.5","8.5","6","4.25","10",10
133,"SMPC","F",21,"4.5","0","4","2","10.5",7
134,"SMPC","M",21,"8","4","0","2","11.33",3.69
135,"SMPC","M",22,"7","3","6","1.5","10.5",8.75
136,"SMPC","F",18,"ABI","ABI","ABI","ABI","ABI",0
137,"SMPC","M",24,"ABI","ABI","ABI","ABI","10.5",1.429
138,"SMPC","M",20,"2","0","9","4.5","8",4.429
139,"SMPC","M",19,"0","0","4","2","10",4.286
140,"SMPC","F",21,"10","0","2","1","10.67",5.81
141,"SMPC","F",19,"ABI","ABI","ABI","ABI","ABI",0
142,"SMPC","F",19,"ABI","ABI","ABI","ABI","ABI",0.429
143,"SMPC","M",19,"10.5","8","11","9.5","10.67",8.953
144,"SMPC","M",26,"5","4.5","6","5.25","10.5",6.071
145,"SMPC","F",22,"12.5","6","8","7","10.5",10.357
146,"SMPC","M",21,"ABI","ABI","ABI","ABI","ABI",0
147,"SMPC","F",19,"ABI","ABI","ABI","ABI","ABI",0
148,"SMPC","M",32,"5.5","ABI","6","ABI","10.5",9.379
149,"SMPC","M",19,"ABI","ABI","ABI","ABI","ABI",0
150,"SMPC","M",24,"1","0","4","2","8.67",4.881
151,"SMPC","M",22,"6.5","7.5","7","7.25","6",6.071
152,"SMPC","F",20,"10","6","11","8.5","10.5",8.214
153,"SMPC","M",21,"19.5","8","16","12","17.33",14
154,"SMPC","M",19,"17","7","3","5","16",10.071
155,"SMPC","F",21,"5.5","3.5","8.5","6","10.5",8.357
156,"SMPC","M",20,"ABI","ABI","ABI","ABI","ABI",0
157,"SMPC","F",19,"5.5","1","4","2.5","10.67",4.739
158,"SMPC","M",24,"8.5","5.5","6","2.75","10.5",10.071
159,"SMPC","M",20,"ABI","ABI","ABI","ABI","ABI",0
160,"SMPC","M",23,"ABI","ABI","ABI","ABI","ABI",0
161,"SMPC","M",26,"5.5","ABI","ABI","ABI","10.5",7.704
162,"SMPC","M",19,"0","0","0","0","11.33",2.547
163,"SMPC","M",28,"ABI","0","0","0","10.5",5.166
164,"SMPC","F",19,"7.5","12","7","9.5","14",10.5
165,"SMPC","F",20,"0","0","0","0","ABI",0.857
166,"SMPC","F",21,"ABI","ABI","ABI","ABI","ABI",0
167,"SMPC","F",21,"0","0","0","0","10",2.571
168,"SMPC","F",20,"0","0.5","1","0.75","ABI",1.357
169,"SMPC","M",22,"7","4.6","11","5.5","10.5",8
170,"SMPC","M",21,"5.5","7.5","6","3.75","10.5",8.071
171,"SMPC","M",24,"5.5","ABI","ABI","ABI","ABI",3.357
172,"SMPC","F",22,"ABI","ABI","ABI","ABI","ABI",0
173,"SMPC","F",20,"2.5","1","5.5","3.25","10.5",5.5
174,"SMPC","F",19,"ABI","ABI","ABI","ABI","ABI",0
175,"SMPC","F",19,"14","1.5","10","5.75","12",7.143
176,"SMPC","M",20,"11","11.5","6","5.75","10.5",11.357
177,"SMPC","M",21,"0","4.6","6","4.9","10.5",13.286
178,"SMPC","M",20,"0","0","0","0","10.5",3.5
179,"SMPC","F",19,"5","0","6","3","14.67",5.81
180,"SMPC","M",38,"16","8","18.5","13.25","18",11.5
181,"SMPC","M",20,"19","18.5","17","17.75","14.67",12.239
182,"SMPC","F",26,"5.5","0.5","0","0.25","10.5",8.357
183,"SMPC","M",25,"1","0","0","0","9.33",2.047
184,"SMPC","F",22,"5.5","ABI","6","ABI","10.5",10
185,"SMPC","F",19,"ABI","ABI","ABI","ABI","ABI",0
186,"SMPC","M",26,"ABI","ABI","ABI","ABI","ABI",0
187,"SMPC","M",19,"14","10","13","11.5","7.33",9.904
188,"SMPC","M",20,"ABI","ABI","ABI","ABI","ABI",0
189,"SMPC","F",20,"10","8","8.5","8.25","7.33",8.904
190,"SMPC","F",23,"ABI","ABI","6","ABI","10.5",5.214
191,"SMPC","M",22,"ABI","ABI","ABI","ABI","12.67",2.81
192,"SMPC","M",19,"17.5","12.5","6","6.25","0",11.714
193,"SMPC","M",25,"6","2.5","6","1.25","10.5",8.571
194,"SMPC","M",22,"5.5","4.6","6","4.9","10.5",11.786
195,"SMPC","M",20,"10","10","9","9.5","6.67",6.81
196,"SMPC","M",21,"12","10","16","13","12.67",10.739
197,"SMPC","M",19,"ABI","ABI","ABI","ABI","ABI",0
198,"SMPC","F",18,"3","0.5","2.5","1.5","12",4.143
199,"SMPC","M",28,"ABI","ABI","ABI","ABI","10.5",6
200,"SMPC","M",21,"13.5","ABI","6","ABI","10.5",7.929
201,"SMPC","M",26,"0","6.5","8","7.25","10.5",5.786
202,"SMPC","F",19,"12","7","11.5","9.25","14.67",10.239
203,"SMPC","M",26,"5.5","4.6","6","4.9","10.5",7.434
204,"SMPC","M",27,"11","0.5","0","0.25","16",6.571
205,"SMPC","M",20,"6","0.5","2","1.25","8",3.429
206,"SMPC","F",20,"0","0.5","5","2.75","12.67",3.739
207,"SMPC","M",19,"0","0","0","0","10",1.929
208,"SMPC","F",20,"3.5","0","0.5","0.25","9.33",2.904
209,"SMPC","F",22,"6","4.6","11.5","5.75","8",7.643
210,"SMPC","F",24,"ABI","ABI","ABI","ABI","10.5",4.5
211,"SMPC","M",20,"ABI","ABI","ABI","ABI","ABI",0
212,"SMPC","M",29,"7","4.5","6.5","5.5","10.5",7.786
213,"SMPC","F",21,"ABI","ABI","ABI","ABI","10.5",1.429
214,"SMPC","M",20,"0","ABI","0","ABI","ABI",0.786
215,"SMPC","M",21,"ABI","ABI","ABI","ABI","10.5",1.714
216,"SMPC","F",20,"1","10","12","11","12",7.429
217,"SMPC","M",34,"0","0.5","0","0.25","13.33",2.69
218,"SMPC","F",19,"7.5","4.5","7","5.75","16",8.214
219,"SMPC","M",23,"7","6","4.5","5.25","10.5",5.429
220,"SMPC","F",20,"12","11.5","16","13.75","11.33",11.19
221,"SMPC","M",20,"0","ABI","0","ABI","8",2
222,"SMPC","M",20,"ABI","ABI","ABI","ABI","ABI",0
223,"SMPC","F",20,"8.5","10","12.5","11.25","15.33",10.619
224,"SMPC","M",20,"16.5","7","11","9","14",12.071
225,"SMPC","F",21,"1","1.5","4.5","3","ABI",4.429
226,"SMPC","M",22,"10","14","1","7.5","8",8.607
227,"SMPC","M",25,"5.5","ABI","ABI","ABI","10.5",7.677
228,"SMPC","M",21,"10","7","6","3.5","10.5",11.607
229,"SMPC","M",26,"5.5","ABI","ABI","ABI","10.5",4.714
230,"SMPC","F",20,"ABI","ABI","ABI","ABI","ABI",0
231,"SMPC","M",21,"ABI","ABI","ABI","ABI","ABI",0
232,"SMPC","F",19,"12.5","0.5","5.5","3","9.33",7.047
233,"SMPC","F",27,"5.5","ABI","6","ABI","10.5",9.214
234,"SMPC","F",19,"12","13.5","12","12.75","14.67",11.096
235,"SMPC","F",20,"15","8","6","4","10.5",9.5
236,"SMPC","F",22,"3","0","0","0","8.67",2.596
237,"SMPC","M",24,"ABI","4.6","ABI","ABI","10.5",5.393
238,"SMPC","M",22,"8","0.5","6","0.25","10.5",7.786
239,"SMPC","M",20,"ABI","ABI","ABI","ABI","ABI",0
240,"SMPC","M",35,"0","0","0","0","16.67",3.096
241,"SMPC","F",21,"4.5","5","0","2.5","10.5",4.857
242,"SMPC","F",18,"13.5","10.5","14","12.25","16",11.786
243,"SMPC","F",19,"9","2.5","4","3.25","13.33",6.904
244,"SMPC","F",19,"ABI","ABI","ABI","ABI","ABI",0
245,"SMPC","F",21,"ABI","1.5","0","0.75","ABI",0.214
246,"SMPC","F",20,"ABI","ABI","ABI","ABI","ABI",0
247,"SMPC","F",19,"0","0","3","1.5","12.67",2.881
248,"SMPC","M",19,"9","6.5","7.5","7","14",7.5
249,"SMPC","F",19,"ABI","ABI","ABI","ABI","ABI",0
250,"SMPC","F",23,"ABI","ABI","ABI","ABI","10.5",3.629
251,"SMPC","F",23,"0","12.5","0","6.25","8",3.714
252,"SMPC","M",20,"ABI","ABI","ABI","ABI","ABI",0
253,"SMPC","F",19,"ABI","ABI","ABI","ABI","ABI",0
254,"SMPC","M",21,"13.5","15","7","11","13.33",11.333
255,"SMPC","M",24,"0","0","1","0.5","10.5",2.5
256,"SMPC","F",19,"ABI","ABI","ABI","ABI","ABI",0
257,"SMPC","F",20,"ABI","ABI","ABI","ABI","ABI",0
258,"SMPC","F",21,"0","0","6","0","10.5",8.5
259,"SMPC","F",19,"5","3.5","5","4.25","13.33",6.619
260,"SMPC","M",21,"17.5","11.5","12","11.75","13.33",9.69
261,"SMPC","F",19,"0","0","0","0","10.67",3.024
262,"SMPC","M",20,"4","7.5","5","6.25","12",6
263,"SMPC","F",19,"1","ABI","ABI","ABI","ABI",0.286
264,"SMPC","M",34,"0","0","0","0","14.67",2.096
265,"SMPC","M",22,"ABI","ABI","ABI","ABI","ABI",0
266,"SMPC","F",25,"ABI","ABI","6","ABI","10.5",7.414
267,"SMPC","M",20,"9","0","7.5","3.75","10",4.571
268,"SMPC","M",21,"ABI","ABI","ABI","ABI","ABI",0
269,"SMPC","F",24,"5.5","5","6","2.5","10.5",8
270,"SMPC","F",20,"ABI","ABI","ABI","ABI","10.5",1.429
271,"SMPC","F",20,"10","ABI","7","ABI","10.5",7.714
272,"SMPC","F",19,"17","0","15.5","7.75","0",8.929
273,"SMPC","F",20,"ABI","ABI","ABI","ABI","10.5",1.643
274,"SMPC","M",20,"11.5","10.5","6","5.25","10.5",9.786
275,"SMPC","M",21,"ABI","ABI","ABI","ABI","ABI",0
276,"SMPC","M",20,"ABI","ABI","ABI","ABI","ABI",0
277,"SMPC","M",21,"ABI","ABI","ABI","ABI","ABI",0
278,"SMPC","M",19,"ABI","ABI","ABI","ABI","ABI",0
279,"SMPC","M",19,"5","3.5","14","8.75","10",6.786
280,"SMPC","M",27,"8","10","11","10.5","10.5",8.214
281,"SMPC","F",18,"13.5","2.5","11","6.75","16.67",9.881
282,"SMPC","M",20,"10","1","5.5","3.25","14",6.357
283,"SMPC","M",19,"ABI","ABI","ABI","ABI","ABI",0
284,"SMPC","M",32,"ABI","ABI","ABI","ABI","10.5",2
285,"SMPC","M",22,"20","18","17","17.5","13.33",14.619
286,"SMPC","F",19,"5","6.5","8","7.25","14",6.929
287,"SMPC","F",19,"12.5","5.5","10","7.75","17.33",10.19
288,"SMPC","F",19,"0","0","3","1.5","12.67",2.739
289,"SMPC","F",20,"0","0","12.5","6.25","13.33",6.976
290,"SMPC","M",23,"6.5","0","3","1.5","10",5.143
291,"SMPC","M",20,"12.5","4.6","6","4.9","10.67",12.81
292,"SMPC","F",19,"11","6.5","11","8.75","14.67",9.381
293,"SMPC","M",20,"8","0","13","6.5","18",8.857
294,"SMPC","F",25,"ABI","ABI","ABI","ABI","10.5",2.857
295,"SMPC","M",19,"14","1","5.5","3.25","10.67",7.239
296,"SMPC","M",20,"ABI","ABI","ABI","ABI","ABI",0
297,"SMPC","F",21,"0","0","0","0","10",1.643
298,"SMPC","F",21,"2","1","7","4","8",3.643
299,"SMPC","F",19,"0","0","0","0","12",2.714
300,"SMPC","M",31,"10","2","10","6","14.67",7.667
301,"SMPC","M",20,"17.5","12.5","19.5","16","16.67",12.667
302,"SMPC","M",19,"ABI","ABI","ABI","ABI","ABI",0
303,"SMPC","M",21,"2","1","2","1.5","11.33",3.476
304,"SMPC","M",19,"0","0","3","1.5","8.67",2.524
305,"SMPC","M",30,"5.5","4.6","7.5","3.75","10.5",9.643
306,"SMPC","F",19,"1","5.5","5.5","5.5","13.33",5.69
307,"SMPC","M",22,"5.5","0","0","0","10.5",8.214
308,"SMPC","M",21,"12","8.5","6","4.25","10.5",11.179
309,"SMPC","M",19,"17","0","15","7.5","13.33",9.69
310,"SMPC","M",21,"3","1.5","3","2.25","12",5.071
311,"SMPC","F",19,"10","6","11","8.5","8",7.786
312,"SMPC","M",20,"13","16.5","13","14.75","0",9.929
313,"SMPC","F",19,"2","2.5","4.5","3.5","15.33",5.69
314,"SMPC","M",23,"0","0","0","0","10.5",2.357
315,"SMPC","F",20,"13","5","2","3.5","16",8.286
316,"SMPC","F",19,"1","1","8","4.5","12",4.857
317,"SMPC","M",22,"ABI","ABI","ABI","ABI","10.5",1.429
318,"SMPC","M",23,"7","8.5","8","8.25","8",5.786
319,"SMPC","F",26,"ABI","ABI","ABI","ABI","10.5",5.857
320,"SMPC","M",18,"1","3.5","2","2.75","8",2.571
321,"SMPC","F",19,"8","8","5","6.5","14",7.5
322,"SMPC","F",24,"0","ABI","ABI","ABI","10.5",5.857
323,"SMPC","M",28,"4","4.6","6","4.9","10.5",10.857
324,"SMPC","M",21,"0","0","7","3.5","10.5",5.857
325,"SMPC","F",20,"0","0","10","5","12",5.143
326,"SMPC","M",25,"18","10","14","12","14.67",9.953
327,"SMPC","F",18,"2","0","2","1","12",3.571
328,"SMPC","M",23,"9","4","13","8.5","7.33",6.976
329,"SMPC","M",27,"ABI","ABI","ABI","ABI","ABI",0
330,"SMPC","M",23,"2","1","4","2.5","8.67",3.239
331,"SMPC","F",19,"0","1.5","10","5.75","11.33",4.69
332,"SMPC","F",25,"2","1.5","6","0.75","10.5",6.071
333,"SMPC","F",19,"2","1","1","1","16",3.929
334,"SMPC","F",19,"0","0","0","0","12.67",2.31
335,"SMPC","M",21,"5.5","3","6","1.5","10.5",9.286
336,"SMPC","F",19,"6.5","7.5","11","9.25","10",8
337,"SMPC","F",20,"0","0","0","0","11.33",2.404
338,"SMPC","M",19,"ABI","0","4","2","10",3
339,"SMPC","M",23,"12","10","6","5","10.5",8.857
340,"SMPC","F",21,"12.5","4.6","6","4.9","10.5",11.714
341,"SMPC","F",19,"13.5","5.5","16","10.75","17.33",12.833
342,"SMPC","F",21,"12.5","8","7","7.5","10.67",10.739
343,"SMPC","M",20,"0","0","9","4.5","12",3.857
344,"SMPC","F",19,"ABI","ABI","ABI","ABI","ABI",0
345,"SMPC","F",19,"12.5","10","7","8.5","13.33",9.047
346,"SMPC","F",20,"10","2","13","7.5","12.67",7.453
347,"SMPC","M",19,"15.5","7.5","13","10.25","11.33",11.047
348,"SMPC","M",22,"0","0","0","0","ABI",1.071
349,"SMPC","F",20,"9","11","8","9.5","10.5",10.5
350,"SMPC","F",20,"2","0","2","1","13.33",2.69
351,"SMPC","F",18,"13.5","6","6","6","6.67",7.239
352,"SMPC","F",19,"1","0.5","3","1.75","9.33",3.047
353,"SMPC","F",20,"18","15","12","13.5","10.5",14
354,"SMPC","F",28,"5.5","1.5","3","2.25","10.5",8.371
355,"SMPC","M",22,"0","5","16","10.5","5.33",4.833
356,"SMPC","F",20,"ABI","ABI","ABI","ABI","ABI",0
357,"SMPC","M",19,"17","13","12","12.5","10.67",11.096
358,"SMPC","M",20,"13.5","15.5","6","7.75","10.5",13.286
359,"SMPC","M",23,"5.5","10","12","11","11.33",9.476
360,"SMPC","F",19,"6.5","8.5","7.5","8","14",8.429
361,"SMPC","F",19,"1","0","1","0.5","12",3.857
362,"SMPC","F",20,"1","3.5","4","3.75","9.33",3.619
363,"SMPC","M",24,"7.5","10","6","5","12",8.357
364,"SMPC","M",23,"1","0.5","0","0.25","12",1.929
365,"SMPC","F",21,"ABI","ABI","ABI","ABI","10.5",1.429
366,"SMPC","M",19,"ABI","ABI","ABI","ABI","ABI",0
367,"SMPC","F",28,"1","4.6","6","4.9","10.5",9.657
368,"SMPC","M",21,"ABI","ABI","ABI","ABI","ABI",0
369,"SMPC","M",20,"0","4.6","13","6.5","12.67",9.024
370,"SMPC","F",22,"1","1","2","1.5","8",2.429
371,"SMPC","F",20,"ABI","ABI","6","ABI","10.5",6.429
372,"SMPC","M",23,"ABI","ABI","ABI","ABI","10.5",4.071
373,"SMPC","M",23,"7","ABI","3","ABI","10.5",5.214
374,"SMPC","M",23,"ABI","ABI","ABI","ABI","10.5",1.486
375,"SMPC","M",19,"ABI","ABI","ABI","ABI","ABI",0
376,"SMPC","M",25,"15","6.5","6","3.25","10.5",11
377,"SMPC","M",24,"5.5","5.5","6","2.75","13.33",8.904
378,"SMPC","F",27,"ABI","ABI","6","ABI","10.5",6.071
379,"SMPC","M",22,"13","14","6","7","10.5",10.643
380,"SMPC","M",20,"ABI","ABI","ABI","ABI","ABI",0
381,"SMPC","M",24,"13","7.5","6","3.75","7.33",8.761
382,"SMPC","F",20,"16","12.5","6","6.25","11.33",9.761
383,"SMPC","M",21,"12","12.5","12.75","12.625","10.5",9.964
384,"SMPC","F",21,"0","0","5.75","2.875","7.33",3.369
385,"SMPC","M",24,"ABI","ABI","ABI","ABI","ABI",0
386,"SMPC","F",23,"5.5","10","6","5","10",7.714
387,"SMPC","F",20,"ABI","ABI","ABI","ABI","ABI",0
388,"SMPC","F",20,"7","3","11.25","7.125","7.33",7.011
389,"SMPC","F",18,"13","12","8.75","10.375","19.33",12.369
390,"SMPC","F",20,"13","7.5","13.25","10.375","12.67",9.417
391,"SMPC","F",25,"5.5","1.5","6","0.75","10.5",9.046
392,"SMPC","F",20,"ABI","ABI","ABI","ABI","ABI",0
393,"SMPC","M",24,"0","0","0","0","10.5",2.357
394,"SMPC","M",19,"0","6","11.5","8.75","9.33",4.69
395,"SMPC","M",20,"ABI","0.5","0","0.25","12",2.5
396,"SMPC","F",20,"2","0","0.5","0.25","10",3.571
397,"SMPC","M",21,"11.5","10","6","5","6.67",8.096
398,"SMPC","M",20,"0","2","0","1","15.33",3.476
399,"SMPC","M",25,"11","0","5.25","2.625","10.5",5.893
400,"SMPC","M",24,"5.5","10","6","5","10.5",9.857
401,"SMPC","F",22,"ABI","ABI","ABI","ABI","10.5",1.643
402,"SMPC","M",19,"5.5","12.5","11.25","11.875","8",8.036
403,"SMPC","F",23,"2.5","8","0","4","10.5",5.714
404,"SMPC","M",29,"ABI","4.6","6","4.9","10.5",7.371
405,"SMPC","M",18,"9","2","8","5","8",6.5
406,"SMPC","M",22,"5.5","ABI","6","ABI","10.5",10.143
407,"SMPC","M",20,"1","2.5","6.5","4.5","11.33",4.976
408,"SMPC","M",21,"10","8.5","0.5","4.5","10",4.714
409,"SMPC","F",20,"0","0","3","1.5","0",2.071
410,"SMPC","F",19,"13","8.5","17.5","13","14.67",13.739
411,"SMPC","M",27,"5.5","4","6","2","10.5",9.679
412,"SMPC","F",19,"10.5","0","9","4.5","12.67",5.881
413,"SMPC","M",20,"ABI","ABI","6","ABI","10.5",4.786
414,"SMPC","F",25,"5.5","14","6","7","10.5",11.643
415,"SMPC","M",48,"5.5","4.6","6","4.9","10.5",10.643
416,"SMPC","M",25,"0","1","5","3","10.5",5.214
417,"SMPC","M",20,"ABI","ABI","0.5","ABI","12",1.786
418,"SMPC","M",23,"1","0","2.5","1.25","10.5",4.143
419,"SMPC","M",28,"ABI","ABI","6","ABI","10.5",5.714
420,"SMPC","M",19,"1","5","4.5","4.75","8.67",3.953
421,"SMPC","F",20,"0","0.5","1","0.75","6",2.571
422,"SMPC","F",19,"18.5","6","15.25","10.625","15.33",12.011
423,"SMPC","M",20,"0","0","0","0","6.67",1.881
424,"SMPC","M",21,"5.5","12.5","16","14.25","10",10.357
425,"SMPC","M",23,"0","0.5","16.75","8.625","12",6.107
426,"SMPC","M",20,"ABI","ABI","ABI","ABI","ABI",0
427,"SMPC","M",21,"6.5","3.5","15.75","9.625","9.33",8.226
428,"SMPC","M",24,"ABI","4.6","6","4.9","10.5",7.929
429,"SMPC","M",26,"ABI","2.5","0.75","1.625","12",3.25
430,"SMPC","F",20,"4","7","6","3.5","10.5",9.714
431,"SMPC","M",22,"ABI","ABI","6","ABI","10.5",2.857
432,"SMPC","M",21,"ABI","ABI","ABI","ABI","ABI",0
433,"SMPC","F",21,"ABI","ABI","ABI","ABI","ABI",0
434,"SMPC","F",19,"0","1","13.25","7.125","15.33",6.94
435,"SMPC","F",19,"10","1","8","4.5","10.5",8.643
436,"SMPC","F",19,"ABI","ABI","ABI","ABI","ABI",0
437,"SMPC","M",28,"ABI","ABI","ABI","ABI","ABI",0
438,"SMPC","F",19,"1","0","2.25","1.125","10.67",3.131
439,"SMPC","M",20,"1","0","0","0","8.67",2.381
440,"SMPC","F",20,"5.5","10","6","5","10.5",11.5
441,"SMPC","M",22,"0","0","0","0","10.5",2.429
442,"SMPC","M",21,"16.5","15.5","6","7.75","10.5",13.286
443,"SMPC","M",21,"7","13","5.5","9.25","12",7.357
444,"SMPC","M",29,"ABI","ABI","ABI","ABI","10.5",1.429
445,"SMPC","M",26,"ABI","ABI","ABI","ABI","10.5",3.214
446,"SMPC","M",21,"5.5","4.6","6","4.9","10.5",8.429
447,"SMPC","M",19,"1","7.5","18.75","13.125","5.33",6.726
448,"SMPC","M",19,"18.5","6","14.25","10.125","17.33",12.011
449,"SMPC","M",22,"12.5","7","6","3.5","8",8.179
450,"SMPC","F",20,"14","5.5","6","2.75","10.5",8.429
451,"SMPC","F",21,"ABI","ABI","ABI","ABI","10.5",2
452,"SMPC","F",19,"1","0","0","0","10",2
453,"SMPC","M",24,"0","4.6","6","4.9","10.5",8.929
454,"SMPC","F",20,"0","0","0","0","10.5",2.643
455,"SMPC","F",19,"1","5.5","10","7.75","9.33",5.976
456,"SMPC","F",24,"ABI","ABI","ABI","ABI","ABI",0
457,"SMPC","M",19,"ABI","ABI","ABI","ABI","ABI",0
458,"SMPC","F",21,"9","10","6","5","10.5",10.143
459,"SMPC","F",19,"0","4","9","6.5","11.33",4.904
460,"SMPC","M",24,"3","0","0","0","10.5",2.857
461,"SMPC","F",20,"5","13.5","6","6.75","10.5",10.571
462,"SMPC","M",20,"ABI","ABI","ABI","ABI","ABI",0
463,"SMPC","M",19,"0","0.5","2","1.25","6.67",2.881
464,"SMPC","F",24,"ABI","ABI","ABI","ABI","ABI",0
465,"SMPC","F",20,"5.5","10","15","12.5","10.5",12.25
466,"SMPC","M",22,"16.5","12.5","5","8.75","2.67",9.31
467,"SMPC","M",22,"18.5","10.5","19","14.75","13.33",10.333
468,"SMPC","F",23,"3.5","0.5","6","0.25","10.5",7.643
469,"SMPC","M",19,"0","0","0","0","10",2.071
470,"SMPC","M",21,"5.5","5.5","6","5.75","10.5",9.321
471,"SMPC","F",20,"16.5","7.5","6","3.75","10.5",10.714
472,"SMPC","M",21,"16","10","14","12","8",10
473,"SMPC","M",20,"5.5","0","13","6.5","10.5",10.143
474,"SMPC","F",19,"0","0","2","1","14",4
475,"SMPC","M",21,"ABI","ABI","ABI","ABI","ABI",0
476,"SMPC","M",21,"0","0.5","0","0.25","7.33",2.547
477,"SMPC","M",21,"10.5","0.5","6","0.25","10.5",7
478,"SMPC","M",20,"1","0","0","0","10.5",2.429
479,"SMPC","M",20,"10","7","10","8.5","9.33",8.119
480,"SMPC","M",22,"14.5","13","11.5","12.25","10.5",12.643
481,"SMPC","M",19,"0","0","0","0","9.33",1.833
482,"SMPC","M",19,"19","10","11","10.5","15.33",10.69
483,"SMPC","M",21,"ABI","ABI","ABI","ABI","ABI",0
484,"SMPC","F",20,"17","10.5","9","9.75","10.5",11.5
485,"SMPC","M",21,"ABI","ABI","6","ABI","10.5",5.036
486,"SMPC","M",21,"1","3.5","8","5.75","6",4.714
487,"SMPC","F",22,"10","4.6","6","4.9","10.5",11
488,"SMPC","M",19,"0","0","0","0","10.67",2.31
489,"SMPC","M",25,"5.5","4","6","2","10.5",8.357
490,"SMPC","M",18,"ABI","ABI","ABI","ABI","ABI",0
491,"SMPC","M",24,"ABI","ABI","6","ABI","10.5",6.686
492,"SMPC","F",18,"1","0","5.5","2.75","6",4.143
493,"SMPC","M",23,"1","0","0.5","0.25","13.33",3.404
494,"SMPC","M",22,"14.5","3","9","6","10.5",7.857
495,"SMPC","M",28,"5.5","3.5","3.5","3.5","10.5",7.5
496,"SMPC","F",21,"1.5","2.5","5.5","4","10.5",5.857
497,"SMPC","M",25,"20","12","17.5","14.75","15.33",9.333
498,"SMPC","F",20,"1","5","0.5","2.75","8.67",3.524
499,"SMPC","M",21,"ABI","ABI","ABI","ABI","10.5",1.714
500,"SMPC","M",29,"7.5","4.6","6","4.9","10.5",8.429
501,"SMPC","M",23,"7","5","6","2.5","7.33",6.547
502,"SMPC","M",21,"4","0","0","0","14",4.929
503,"SMPC","F",19,"10","3","6.5","4.75","12.67",7.31
504,"SMPC","M",25,"ABI","ABI","ABI","ABI","ABI",0
505,"SMPC","F",26,"1","1","6","0.5","10.5",8.179
506,"SMPC","F",20,"0","3","11","7","10.5",7.571
507,"SMPC","M",20,"0","1","0","0.5","7.33",1.761
508,"SMPC","M",27,"5.5","4.6","6","4.9","10.5",8.843
509,"SMPC","M",42,"ABI","5","4.5","4.75","10.5",4.714
510,"SMPC","M",23,"ABI","ABI","ABI","ABI","ABI",0
511,"SMPC","M",20,"ABI","5","ABI","ABI","ABI",0.714
512,"SMPC","M",19,"4","5","10","7.5","12.67",7.096
513,"SMPC","M",27,"ABI","ABI","ABI","ABI","ABI",1.482
514,"SMPC","M",26,"ABI","ABI","ABI","ABI","10.5",3.071
515,"SMPC","F",22,"ABI","ABI","ABI","ABI","10.5",5.679
516,"SMPC","M",21,"0","7","0","3.5","8",3.429
517,"SMPC","M",29,"1","3","0","1.5","10.5",4.943
518,"SMPC","M",20,"ABI","ABI","ABI","ABI","ABI",0
519,"SMPC","F",19,"0","3","0","1.5","13.33",3.047
520,"SMPC","F",19,"10","7","6.5","6.75","12.67",6.524
521,"SMPC","F",22,"6.5","3","6","1.5","10.5",9
522,"SMPC","M",30,"ABI","ABI","ABI","ABI","ABI",0
523,"SMPC","F",28,"ABI","ABI","ABI","ABI","10.5",4.329
524,"SMPC","F",19,"5","1","8.5","4.75","6",4.714
525,"SMPC","M",29,"ABI","ABI","ABI","ABI","ABI",0
526,"SMPC","F",24,"ABI","4.6","ABI","ABI","10.5",5.911
527,"SMPC","F",20,"ABI","ABI","ABI","ABI","ABI",0
528,"SMPC","M",19,"ABI","0","2","1","7.33",2.547
529,"SMPC","F",20,"ABI","ABI","ABI","ABI","ABI",0
530,"SMPC","F",20,"5.5","1","0.5","0.75","10.67",6.453
531,"SMPC","F",19,"16","8","17.5","12.75","9.33",11.761
532,"SMPC","M",23,"ABI","ABI","ABI","ABI","10.5",1.5
533,"SMPC","M",20,"ABI","ABI","ABI","ABI","ABI",0
534,"SMPC","F",22,"ABI","ABI","ABI","ABI","ABI",0
535,"SMPC","M",22,"ABI","ABI","ABI","ABI","ABI",0
536,"SMPC","F",19,"15","15","14","14.5","17.33",14.333
537,"SMPC","F",21,"ABI","1","0","0.5","8.67",1.381
538,"SMPC","M",19,"6","3","0","1.5","12.67",4.953
539,"SMPC","M",20,"10","5","6","5.5","10.5",8.714
540,"SMPC","M",19,"14","10","0","5","8",7.143
541,"SMPC","M",20,"0","1","4.5","2.75","10.5",4.786
542,"SMPC","M",20,"4","7","2","4.5","12",5.071
543,"SMPC","F",24,"0","0","6","0","10.5",5.107
544,"SMPC","F",20,"9","5","12","8.5","14.67",8.381
545,"SMPC","M",26,"10","10","6","5","10.5",9.179
546,"SMPC","F",20,"ABI","ABI","ABI","ABI","10.5",1.429
547,"SMPC","F",22,"8","1","6","0.5","10.5",8.143
548,"SMPC","F",20,"0","0","0","0","10.5",3.643
549,"SMPC","M",22,"ABI","ABI","ABI","ABI","ABI",0
550,"SMPC","M",29,"ABI","ABI","ABI","ABI","ABI",0
551,"SMPC","F",19,"14","10","5.5","7.75","14",8.571
552,"SMPC","F",20,"17.5","1","15","8","8.67",10.31
553,"SMPC","M",32,"ABI","ABI","ABI","ABI","ABI",0
554,"SMPC","M",20,"15.5","1","3.75","2.375","10.5",9.607
555,"SMPC","M",20,"ABI","ABI","ABI","ABI","ABI",0
556,"SMPC","F",25,"ABI","ABI","ABI","ABI","ABI",0
557,"SMPC","F",20,"15","8","12.75","10.375","10.5",10.821
558,"SMPC","F",19,"ABI","ABI","ABI","ABI","ABI",0
559,"SMPC","M",19,"15","12","18.75","15.375","16",8.821
560,"SMPC","M",27,"ABI","ABI","ABI","ABI","ABI",0
561,"SMPC","F",19,"20","15","16.5","15.75","15.33",15.119
562,"SMPC","F",20,"ABI","ABI","ABI","ABI","10.5",1.786
563,"SMPC","M",31,"20","5","1.5","3.25","16.67",12.239
564,"SMPC","F",26,"ABI","4.6","6","4.9","10.5",7.214
565,"SMPC","M",19,"4.5","5","10","7.5","10.67",7.596
566,"SMPC","F",19,"12","7","4","5.5","14",8.071
567,"SMPC","M",26,"ABI","ABI","ABI","ABI","ABI",0
568,"SMPC","M",23,"2","0","1","0.5","5.33",1.69
569,"SMPC","M",22,"5.5","12.5","6","6.25","10.5",10.214
570,"SMPC","M",21,"ABI","ABI","ABI","ABI","ABI",0
571,"SMPC","F",22,"ABI","ABI","ABI","ABI","10.5",1.429
572,"SMPC","M",20,"0","1","3.5","2.25","10.5",2.929
573,"SMPC","M",20,"6","3","3.5","3.25","12",5.429
574,"SMPC","F",19,"18","14","19.25","16.625","16",16.464
575,"SMPC","M",19,"5","1","0.75","0.875","16",5.107
576,"SMPC","M",19,"0","10","7.25","8.625","11.33",5.583
577,"SMPC","F",22,"14","10","11.25","10.625","10.5",11.036
578,"SMPC","F",21,"8","12","7","9.5","10.5",8.679
579,"SMPC","F",22,"ABI","ABI","ABI","ABI","10.5",1.571
580,"SMPC","F",20,"4.5","8","8.5","8.25","10.5",7.929
581,"SMPC","F",20,"0","1","9.25","5.125","9.33",4.583
582,"SMPC","F",21,"0","3","1","2","8.67",2.524
583,"SMPC","M",22,"5.5","4.6","13","6.5","10.5",10.643
584,"SMPC","M",20,"4","7","11.5","9.25","14",8.143
585,"SMPC","F",25,"ABI","4.6","ABI","ABI","10.5",5.971
586,"SMPC","M",26,"5.5","0","6.5","3.25","10.5",9.214
587,"SMPC","F",19,"0","7","19.5","13.25","0",6.786
588,"SMPC","M",20,"9","8","6","4","10.5",9.071
589,"SMPC","M",23,"0","ABI","ABI","ABI","10.5",1.786
590,"SMPC","M",19,"ABI","ABI","ABI","ABI","ABI",0
591,"SMPC","F",19,"19","11","16.25","13.625","14",11.25
592,"SMPC","F",22,"ABI","ABI","ABI","ABI","10.5",2.857
593,"SMPC","F",18,"4","10","20","15","14",10.214
594,"SMPC","M",19,"15","11","15.75","13.375","15.33",12.154
595,"SMPC","F",20,"14","7","6","3.5","10.5",11.214
596,"SMPC","M",22,"ABI","ABI","ABI","ABI","ABI",0
597,"SMPC","F",19,"10","3","14.75","8.875","9.33",8.154
598,"SMPC","M",19,"4.5","10","4.25","7.125","11.33",6.726
599,"SMPC","M",21,"0","5","0","2.5","10.5",3.143
600,"SMPC","M",23,"ABI","ABI","6","ABI","10.5",3.071
601,"SMPC","M",20,"ABI","ABI","ABI","ABI","ABI",0
602,"SMPC","F",21,"10.5","3","7","5","12.67",8.596
603,"SMPC","M",19,"0","7","10.75","8.875","10",6.464
604,"SMPC","M",22,"0","5","5","5","6.67",4.096
605,"SMPC","F",24,"3","5","1.75","3.375","10.5",7.536
606,"SMPC","M",27,"ABI","ABI","6","ABI","10.5",2.857
607,"SMPC","M",38,"0","0","0","0","11.33",2.69
608,"SMPC","M",23,"ABI","ABI","6","ABI","10.5",6.893
609,"SMPC","M",19,"0","0","12","6","11.33",4.333
610,"SMPC","M",25,"ABI","ABI","ABI","ABI","ABI",0
611,"SMPC","M",21,"2","11","16","13.5","10.5",10.714
612,"SMPC","F",21,"0","5","6","2.5","10.5",5.643
613,"SMPC","M",21,"0","1","0","0.5","5.33",1.833
614,"SMPC","M",19,"ABI","ABI","ABI","ABI","ABI",0
615,"SMPC","M",28,"5.5","4.6","6","4.9","10.5",8.993
616,"SMPC","F",30,"5.5","5","10","7.5","10.5",9.786
617,"SMPC","F",19,"ABI","ABI","ABI","ABI","ABI",0
618,"SMPC","M",22,"ABI","ABI","ABI","ABI","10.5",2.893
619,"SMPC","F",27,"ABI","ABI","ABI","ABI","10.5",5.607
620,"SMPC","F",19,"5.5","5","5.25","5.125","11.33",6.726
621,"SMPC","M",20,"1","0","0.75","0.375","9.33",1.869
622,"SMPC","M",19,"ABI","ABI","ABI","ABI","ABI",0
623,"SMPC","M",21,"ABI","ABI","ABI","ABI","10.5",1.429
624,"SMPC","F",21,"ABI","ABI","6","ABI","10.5",5.357
625,"SMPC","F",23,"ABI","ABI","6","ABI","10.5",5.429
626,"SMPC","F",21,"1","3","4.5","3.75","7.33",4.511
627,"SMPC","M",22,"11","11","11.5","11.25","10.67",9.31
628,"SMPC","M",19,"12","10","10","10","7.33",7.619
629,"SMPC","F",19,"ABI","ABI","ABI","ABI","ABI",0
630,"SMPC","M",21,"18.5","12","6","6","10.67",12.06
631,"SMPC","F",19,"7.5","10","7.75","8.875","16",8.964
632,"SMPC","M",20,"5.5","1","6","0.5","10.5",6.571
633,"SMPC","F",30,"ABI","ABI","ABI","ABI","13.33",1.904
634,"SMPC","F",22,"ABI","ABI","ABI","ABI","10.5",1.429
635,"SMPC","F",21,"16","12","17.5","14.75","15.33",14.119
636,"SMPC","F",19,"ABI","ABI","ABI","ABI","ABI",0
637,"SMPC","M",19,"10","10","12","11","2.67",8.167
638,"SMPC","M",28,"12","1","13","7","10.5",7.143
639,"SMPC","M",20,"7.5","4.6","10","5","10.5",9.643
640,"SMPC","M",24,"10","5","0","2.5","10.5",7.214
641,"SMPC","F",28,"ABI","ABI","ABI","ABI","10.5",2.857
642,"SMPC","M",20,"0","4.6","6","4.9","10.5",9.5
643,"SMPC","M",19,"0","10","10","10","8.67",6.739
644,"SMPC","M",23,"2","1","3","2","10.5",6.143
645,"SMPC","F",20,"0","0","0","0","6",1.786
646,"SMPC","M",24,"5.5","5","0","2.5","10.5",6.964
647,"SMPC","M",30,"9","4","6","2","10.5",9.071
648,"SMPC","F",19,"0","0","2","1","13.33",3.619
649,"SMPC","M",20,"14.5","4","6","2","10.5",9.214
650,"SMPC","M",21,"15","10","6","5","8.67",10.096
651,"SMPC","F",20,"14","5","6","2.5","10.5",10.143
652,"SMPC","F",21,"0","0","0","0","8.67",1.953
653,"SMPC","F",25,"ABI","ABI","ABI","ABI","10.5",1.429
654,"SMPC","M",25,"ABI","ABI","ABI","ABI","ABI",0
655,"SMPC","F",20,"6","2","6","1","10.5",7.214
656,"SMPC","M",20,"0","10","15","12.5","9.33",6.333
657,"SMPC","M",21,"9","0","6","0","8",8.071
658,"SMPC","F",26,"ABI","ABI","ABI","ABI","10.5",1.429
659,"SMPC","F",19,"1","0","4","2","10",3.643
660,"SMPC","F",22,"1.5","3.5","6","1.75","10.5",5
661,"SMPC","F",21,"1","0","11","5.5","10.67",5.953
662,"SMPC","F",21,"10","2.5","7","4.75","10.5",6.714
663,"SMPC","M",19,"0","0","3","1.5","15.33",4.69
664,"SMPC","M",19,"ABI","0","0","0","ABI",0.786
665,"SMPC","M",20,"ABI","0","ABI","ABI","15.33",2.761
666,"SMPC","M",21,"ABI","ABI","ABI","ABI","ABI",0
667,"SMPC","F",20,"11","0","2","1","12",5.286
668,"SMPC","F",19,"0","0","0","0","ABI",0.571
669,"SMPC","F",19,"ABI","ABI","ABI","ABI","ABI",0
670,"SMPC","F",18,"3","0","2","1","6.67",3.453
671,"SMPC","F",23,"ABI","ABI","6","ABI","10.5",4.614
672,"SMPC","F",20,"0","0","0","0","ABI",0.214
673,"SMPC","M",22,"14","8","10","9","10.5",9.286
674,"SMPC","M",20,"ABI","ABI","ABI","ABI","ABI",0
675,"SMPC","F",22,"ABI","ABI","ABI","ABI","10.5",1.571
676,"SMPC","F",26,"5.5","ABI","6","ABI","10.5",8.071
677,"SMPC","M",21,"1.5","0","4","2","10.67",3.096
678,"SMPC","F",21,"0","0","0","0","10.67",2.239
679,"SMPC","M",24,"14","4.5","6","2.25","10.5",7.643
680,"SMPC","F",21,"0","0","0","0","10.5",3.357
681,"SMPC","F",27,"ABI","ABI","ABI","ABI","10.5",5.229
682,"SMPC","M",25,"5.5","ABI","ABI","ABI","10.5",5.714
683,"SMPC","M",23,"1","ABI","ABI","ABI","ABI",1.143
684,"SMPC","M",20,"ABI","ABI","ABI","ABI","ABI",0
685,"SMPC","M",24,"ABI","ABI","ABI","ABI","10.5",1.6
686,"SMPC","F",19,"12","3.5","10","6.75","12.67",8.024
687,"SMPC","M",22,"5.5","4.6","6","4.9","ABI",10.75
688,"SMPC","F",18,"13","8","12","10","16.67",11.524
689,"SMPC","M",21,"5.5","4.6","6","4.9","10.5",14.25
690,"SMPC","F",19,"1","0","5","2.5","6",3.357
691,"SMPC","M",20,"0","0","7","3.5","12",4.071
692,"SMPC","M",20,"ABI","ABI","ABI","ABI","ABI",0
693,"SMPC","M",20,"0","ABI","ABI","ABI","11.33",3.119
694,"SMPC","M",20,"15","11.5","19","15.25","10.67",12.667
695,"SMPC","M",24,"1","1","4","2.5","15.33",4.404
696,"SMPC","M",21,"ABI","ABI","ABI","ABI","10.5",4.857
697,"SMPC","M",24,"5.5","ABI","6","ABI","10.5",9.571
698,"SMPC","F",26,"ABI","ABI","ABI","ABI","ABI",0
699,"SMPC","F",22,"0","0","0","0","10.5",2.5
700,"SMPC","F",25,"ABI","ABI","ABI","ABI","10.5",4.714
701,"SMPC","M",23,"ABI","ABI","ABI","ABI","10.5",1.429
702,"SMPC","M",20,"5.5","13","6","6.5","10.5",14
703,"SMPC","F",20,"13","3","6","1.5","10.5",7.857
704,"SMPC","M",26,"ABI","ABI","ABI","ABI","ABI",3.264
705,"SMPC","F",19,"3.5","0","4","2","11.33",4.19
706,"SMPC","F",20,"11","6","6","3","10.5",9.143
707,"SMPC","M",21,"10.5","6","5","5.5","13.33",6.119
708,"SMPC","M",23,"ABI","ABI","ABI","ABI","ABI",0
709,"SMPC","M",23,"ABI","ABI","ABI","ABI","10.5",1.571
710,"SMPC","M",21,"5.5","0","6","0","10.5",8.714
711,"SMPC","F",21,"7.5","3","3","3","16",7.071
712,"SMPC","M",20,"11","8","15","11.5","12.67",9.596
713,"SMPC","F",19,"8.5","0","13","6.5","10.5",8
714,"SMPC","F",19,"ABI","ABI","ABI","ABI","ABI",0
715,"SMPC","M",20,"7.5","7","10","8.5","10.5",7.143
716,"SMPC","F",22,"1.5","2","2","2","10",3.857
717,"SMPC","M",20,"ABI","ABI","ABI","ABI","ABI",0
718,"SMPC","M",19,"0","0","0","0","10.67",2.453
719,"SMPC","F",20,"1","5","3","4","7.33",3.547
720,"SMPC","M",20,"1","ABI","0","ABI","11.33",3.619
721,"SMPC","M",24,"ABI","4.6","6","4.9","10.5",6.929
722,"SMPC","M",19,"ABI","ABI","ABI","ABI","ABI",0
723,"SMPC","M",23,"ABI","ABI","ABI","ABI","10.5",4.714
724,"SMPC","M",22,"ABI","ABI","ABI","ABI","ABI",0
725,"SMPC","M",20,"ABI","ABI","ABI","ABI","ABI",0
726,"SMPC","F",21,"0","0","4","2","10.5",4.286
727,"SMPC","M",31,"0","4.6","6","4.9","10.5",7.471
728,"SMPC","M",24,"5.5","4.6","6","4.9","10.5",10.029
729,"SMPC","M",19,"0","0","0","0","9.33",2.19
730,"SMPC","M",22,"0","0","0","0","8.67",1.953
731,"SMPC","F",27,"ABI","4.6","ABI","ABI","10.5",4.726
732,"SMPC","F",20,"ABI","ABI","6","ABI","10.5",3.214
733,"SMPC","F",26,"ABI","ABI","6","ABI","10.5",7.393
734,"SMPC","F",21,"0","0","0","0","10.5",3
735,"SMPC","F",18,"0","0","0","0","16.67",2.381
736,"SMPC","M",23,"14","10","12","11","10.5",9.214
737,"SMPC","M",23,"0","0","6","3","10.5",6.571
738,"SMPC","M",19,"ABI","0","2","1","12.67",5.096
739,"SMPC","F",25,"12","3","5","4","10.5",8.071
740,"SMPC","F",20,"ABI","0","2","1","8.67",2.024
741,"SMPC","M",20,"13.5","7","7","7","14",8.286
742,"SMPC","M",23,"ABI","ABI","ABI","ABI","10.5",3.286
743,"SMPC","F",21,"17.5","10","6","5","10.5",10.571
744,"SMPC","F",27,"ABI","ABI","ABI","ABI","10.5",1.571
745,"SMPC","M",19,"0","17","12","14.5","13.33",9.476
746,"SMPC","M",21,"ABI","ABI","ABI","ABI","ABI",0
747,"SMPC","F",20,"14","7.5","11","9.25","10.5",9.429
748,"SMPC","F",20,"14.5","1","16","8.5","10.5",10.071
749,"SMPC","F",21,"ABI","ABI","ABI","ABI","10.5",3.786
750,"SMPC","F",20,"ABI","ABI","ABI","ABI","10.5",2
751,"SMPC","F",23,"ABI","ABI","ABI","ABI","ABI",0
752,"SMPC","F",19,"2","6","11","8.5","10.67",6.31
753,"SMPC","F",20,"14","1","15","8","10.5",9.643
754,"SMPC","F",21,"10","2","10","6","10",7.214
755,"SMPC","M",23,"5.5","5","6","2.5","10.5",6.786
756,"SMPC","F",19,"4","0","8","4","10.67",7.167
757,"SMPC","F",22,"13.5","4","0","2","10.5",6.929
758,"SMPC","M",36,"1","0","0","0","14",2.786
759,"SMPC","F",21,"ABI","0","0","0","9.33",2.19
760,"SMPC","M",26,"ABI","ABI","ABI","ABI","ABI",0
761,"SMPC","M",20,"16","4.6","6","4.9","10.5",13.643
762,"SMPC","F",29,"4","6","15","10.5","10.5",9.357
763,"SMPC","M",21,"3.5","0","3","1.5","14",5.214
764,"SMPC","F",19,"12","14","17","15.5","16.67",12.096
765,"SMPC","M",20,"9","0","10","5","10.5",8.464
766,"SMPC","F",21,"ABI","ABI","ABI","ABI","10.5",1.714
767,"SMPC","F",24,"5.5","0","0","0","10.5",7.286
768,"SMPC","F",19,"16.5","0","20","10","12",11.357
769,"SMPC","M",23,"ABI","ABI","ABI","ABI","10.5",4.357
770,"SMPC","F",19,"10","0","2","1","18.67",5.739
771,"SMPC","F",19,"16","11","18","14.5","12",13.214
772,"SMPC","M",19,"ABI","ABI","ABI","ABI","ABI",0
773,"SMPC","M",24,"ABI","ABI","ABI","ABI","10.5",1.429
774,"SMPC","F",23,"7","4.6","6","4.9","10.5",9.571
775,"SMPC","M",20,"1","10","10","10","10.5",8.571
776,"SMPC","F",19,"1","10","20","15","11.33",8.19
777,"SMPC","M",30,"3","0","14","7","14.67",6.881
778,"SMPC","F",20,"8","10","6","5","10.5",9.214
779,"SMPC","F",19,"8","11","18","14.5","12.67",10.881
780,"SMPC","M",24,"ABI","ABI","ABI","ABI","10.5",1.429
781,"SMPC","M",20,"5.5","6","6","3","10.5",10.429
782,"SMPC","F",20,"8.5","7","11","9","11.33",9.333
783,"SMPC","F",21,"ABI","ABI","ABI","ABI","ABI",0
784,"SMPC","M",20,"ABI","ABI","ABI","ABI","ABI",0
785,"SMPC","M",23,"6","8.5","6","4.25","12",8.643
786,"SMPC","M",21,"0","1","3","2","8.67",3.596
787,"SMPC","M",22,"ABI","ABI","ABI","ABI","ABI",0
788,"SMPC","F",22,"ABI","ABI","ABI","ABI","10.5",1.429
789,"SMPC","F",25,"ABI","ABI","ABI","ABI","10.5",1.429
790,"SMPC","F",19,"1","4.5","0","2.25","12.67",4.239
791,"SMPC","F",19,"19","12","20","16","14.67",15.667
792,"SMPC","M",20,"1","10","0","5","8",3.857
793,"SMPC","M",22,"5.5","5","6","2.5","10.5",10.143
794,"SMPC","F",21,"ABI","ABI","ABI","ABI","ABI",0
795,"SMPC","M",24,"ABI","ABI","ABI","ABI","ABI",0
796,"SMPC","M",19,"10","11","12","11.5","13.33",10.333
797,"SMPC","F",19,"0","5.5","18","11.75","17.33",8.976
798,"SMPC","F",19,"0","0.5","1","0.75","6",2.214
799,"SMPC","M",21,"5.5","6","0","3","6.67",3.81
800,"SMPC","M",28,"5.5","4.6","6","4.9","10.5",8.429
801,"SMPC","M",19,"ABI","ABI","ABI","ABI","10.5",4.071
802,"SMPC","M",24,"6","8.5","10","9.25","10.5",8.857
803,"SMPC","F",21,"0","0","2","1","14",4.714
804,"SMPC","M",27,"ABI","ABI","ABI","ABI","10.5",4.5
805,"SMPC","M",22,"13","10","18","14","10.5",11.25
806,"SMPC","F",21,"ABI","ABI","ABI","ABI","ABI",0
807,"SMPC","M",22,"ABI","ABI","ABI","ABI","ABI",0
808,"SMPC","M",19,"0","1.5","10","5.75","14.67",6.453
809,"SMPC","F",22,"ABI","ABI","ABI","ABI","ABI",0
810,"SMPC","M",24,"ABI","ABI","ABI","ABI","ABI",0
811,"SMPC","F",23,"0","0","0","0","9.33",2.976
812,"SMPC","M",19,"1","4.5","7","5.75","7.33",3.904
813,"SMPC","F",20,"ABI","ABI","ABI","ABI","10.5",1.429
814,"SMPC","F",19,"7","8","8","8","10",6.857
815,"SMPC","M",20,"ABI","ABI","ABI","ABI","ABI",0
816,"SMPC","M",20,"ABI","ABI","ABI","ABI","10.5",1.429
817,"SMPC","M",21,"ABI","ABI","ABI","ABI","ABI",0
818,"SMPC","F",23,"ABI","4.6","6","4.9","10.5",7.821
819,"SMPC","F",22,"0","1","1","1","11.33",2.261
820,"SMPC","M",21,"ABI","0","0","0","10.5",1.5
821,"SMPC","F",21,"ABI","0","0","0","8",1.143
822,"SMPC","M",22,"ABI","ABI","ABI","ABI","ABI",0
823,"SMPC","F",20,"15.5","12","6","9","10.5",10.929
824,"SMPC","F",25,"5.5","ABI","ABI","ABI","10.5",7.314
825,"SMPC","M",21,"5.5","8","6","7","8.67",6.167
826,"SMPC","F",20,"11.5","8","12","10","10.5",10.714
827,"SMPC","M",22,"ABI","ABI","ABI","ABI","ABI",0
828,"SMPC","M",21,"ABI","ABI","ABI","ABI","ABI",0
829,"SMPC","M",21,"ABI","ABI","ABI","ABI","10.5",2
830,"SMPC","M",23,"0","4.6","6","4.9","10.5",7.357
831,"SMPC","M",21,"8.5","6","6","3","10.5",9.786
832,"SMPC","F",25,"ABI","ABI","6","ABI","10.5",6.386
833,"SMPC","M",20,"14.5","15","11","13","10.67",10.881
834,"SMPC","F",20,"0","6","6","3","10",8.286
835,"SMPC","F",26,"1","ABI","ABI","ABI","10.5",6.036
836,"SMPC","F",25,"5.5","8","6","4","10.5",10.179
837,"SMPC","M",27,"ABI","4.6","6","4.9","10.5",7.714
838,"SMPC","F",20,"13","15","6","7.5","10.5",11.5
839,"SMPC","M",19,"ABI","ABI","ABI","ABI","ABI",0
840,"SMPC","F",21,"4.5","4","6","2","10.5",9.393
841,"SMPC","M",20,"0","10","2","6","10",3.786
842,"SMPC","F",23,"1","4","1","2.5","10.5",3.714
843,"SMPC","F",20,"4","10","9","9.5","10.5",7.071
844,"SMPC","F",19,"0","0","3","1.5","12.67",3.524
845,"SMPC","F",19,"10","11","18","14.5","12",11.571
846,"SMPC","M",26,"ABI","ABI","ABI","ABI","ABI",0
847,"SMPC","F",21,"ABI","ABI","ABI","ABI","ABI",0
848,"SMPC","F",28,"ABI","ABI","ABI","ABI","10.5",5.714
849,"SMPC","M",21,"6.5","2","2","2","9.33",3.619
850,"SMPC","F",22,"ABI","ABI","ABI","ABI","ABI",0
851,"SMPC","F",19,"2","1","4","2.5","8",3.357
852,"SMPC","M",37,"ABI","1","10","5.5","17.33",5.119
853,"SMPC","M",20,"19","16","18","17","12.67",15.524
854,"SMPC","F",21,"ABI","ABI","6","ABI","ABI",1.429
855,"SMPC","M",19,"0","18","6","12","13.33",7.69
856,"SMPC","F",24,"ABI","ABI","ABI","ABI","10.5",3.214
857,"SMPC","M",20,"5.5","ABI","6","ABI","10.5",8.143
858,"SMPC","M",21,"0","0","6","0","10.5",5.214
859,"SMPC","F",23,"7","4.6","6","4.9","10.5",10.571
860,"SMPC","F",21,"13.5","5","6","2.5","10.5",8.25
861,"SMPC","M",21,"13","10","13","11.5","15.33",12
862,"SMPC","M",23,"ABI","ABI","ABI","ABI","ABI",0
863,"SMPC","F",21,"ABI","ABI","ABI","ABI","ABI",0
864,"SMPC","F",20,"0","0","2","1","12",2.786
865,"SMPC","M",21,"1","0","0","0","10.5",2.929
866,"SMPC","M",23,"ABI","ABI","ABI","ABI","ABI",0
867,"SMPC","F",24,"10","13","6","6.5","10.5",11.5
868,"SMPC","M",22,"8.5","13","6","6.5","10.5",10.643
869,"SMPC","M",23,"0","1","0","0.5","7.33",1.904
870,"SMPC","F",25,"5.5","10","6","5","10.5",9.214
871,"SMPC","M",20,"ABI","ABI","ABI","ABI","ABI",0
872,"SMPC","M",19,"12","0","9","4.5","14.67",8.096
873,"SMPC","F",19,"14","13","18","15.5","17.33",13.476
874,"SMPC","F",19,"6.5","2","0","1","6.67",3.167
875,"SMPC","F",20,"ABI","ABI","ABI","ABI","ABI",0
876,"SMPC","M",23,"16.5","13","5","9","2.67",8.096
877,"SMPC","M",19,"0","ABI","ABI","ABI","ABI",0.5
878,"SMPC","F",18,"13","0","12","6","15.33",9.404
879,"SMPC","M",22,"ABI","ABI","ABI","ABI","ABI",1.571
880,"SMPC","M",19,"4","8","13.5","10.75","9.33",6.547
881,"SMPC","F",19,"0","0","5","2.5","14.67",4.167
882,"SMPC","M",19,"18","12","15","13.5","14.67",11.453
883,"SMPC","F",22,"ABI","ABI","ABI","ABI","10.5",1.857
884,"SMPC","F",24,"ABI","ABI","6","ABI","10.5",8.071
885,"SMPC","M",21,"20","10","13","11.5","14.67",12.881
886,"SMPC","F",20,"18.5","16.5","6","8.25","7.33",11.619
887,"SMPC","F",18,"3","0","7","3.5","10",5.286
888,"SMPC","M",22,"0","0","0","0","10.5",2.5
889,"SMPC","M",24,"5.5","0","6","0","10.5",8.929
890,"SMPC","M",18,"0","0","0","0","13.33",3.404
891,"SMPC","F",20,"0","4","6","2","10.5",5.714
892,"SMPC","M",19,"1.5","0","0","0","10.67",2.81
893,"SMPC","M",26,"ABI","ABI","ABI","ABI","ABI",0
894,"SMPC","M",18,"ABI","ABI","ABI","ABI","ABI",0
895,"SMPC","F",28,"ABI","4.6","6","4.9","12.67",8.967
896,"SMPC","F",19,"1","0","0","0","15.33",3.404
897,"SMPC","M",28,"5.5","ABI","ABI","ABI","10.5",7.714
898,"SMPC","M",21,"1","0","0","0","12",3.5
899,"SMPC","F",21,"9","8","13","10.5","10.5",10.214
900,"SMPC","M",21,"6","4","3","3.5","8",4.643
901,"SMPC","M",22,"ABI","ABI","ABI","ABI","10.5",1.429
902,"SMPC","M",18,"0","0","0","0","12.67",2.667
903,"SMPC","F",20,"15","10","6","5","14",11.143
904,"SMPC","F",21,"5.5","ABI","6","ABI","10.5",8.643
905,"SMPC","F",20,"8.5","5","11","8","10.5",9.571
906,"SMPC","F",20,"10.5","10","13","11.5","10.5",10.286
907,"SMPC","F",21,"0","0","0","0","8",2.429
908,"SMPC","F",20,"0","0","4","2","10.67",2.596
909,"SMPC","M",20,"ABI","ABI","ABI","ABI","ABI",0
910,"SMPC","M",19,"15","0","1","0.5","13.33",6.547
911,"SMPC","M",24,"4.5","0.5","15","7.75","8",6.786
912,"SMPC","F",23,"0","0","0","0","10.5",4.286
913,"SMPC","F",23,"0","0","0","0","10.5",2.286
914,"SMPC","F",19,"0","0","0","0","14.67",3.524
915,"SMPC","F",20,"6","1","13","7","10.5",7.5
916,"SMPC","M",21,"6","7.5","6","3.75","10.5",9.607
917,"SMPC","F",19,"ABI","ABI","ABI","ABI","ABI",0
918,"SMPC","F",22,"10","3.5","6","1.75","10.5",10.464
919,"SMPC","M",22,"2","0","5","2.5","6.67",3.953
920,"SMPC","M",35,"4","4.6","6","4.9","10.5",7.214
921,"SMPC","F",20,"10","0","13","6.5","13.33",7.261
922,"SMPC","M",19,"10","8.5","12","10.25","10.67",8.739
923,"SMPC","M",24,"ABI","ABI","ABI","ABI","ABI",1.429
924,"SMPC","F",23,"5.5","8","6","4","10.5",9.5
925,"SMPC","F",21,"ABI","ABI","ABI","ABI","ABI",0
926,"SMPC","M",23,"ABI","ABI","ABI","ABI","ABI",0
927,"SMPC","F",19,"0","0","1","0.5","7.33",1.976
928,"SMPC","M",20,"ABI","ABI","ABI","ABI","ABI",0
929,"SMPC","M",20,"8","5","13","9","14",7.643
930,"SMPC","F",20,"5.5","10","6","5","10.5",9.786
931,"SMPC","F",18,"0","ABI","0","ABI","ABI",0
932,"SMPC","F",23,"ABI","ABI","ABI","ABI","10.5",1.571
933,"SMPC","F",19,"ABI","ABI","ABI","ABI","ABI",0
934,"SMPC","F",21,"0","0","5","2.5","10.5",6.071
935,"SMPC","F",25,"2","4.5","6","2.25","10.5",7.371
936,"SMPC","M",21,"ABI","ABI","6","ABI","10.5",4.857
937,"SMPC","M",19,"13.5","8.5","17","12.75","11.33",9.476
938,"SMPC","M",22,"ABI","ABI","ABI","ABI","10.5",1.429
939,"SMPC","M",25,"5.5","ABI","ABI","ABI","10.5",8.929
940,"SMPC","F",20,"0","0","1","0.5","9.33",2.261
941,"SMPC","M",19,"8","10.5","18","14.25","9.33",8.19
942,"SMPC","M",21,"ABI","ABI","ABI","ABI","ABI",0
943,"SMPC","M",20,"2.5","3","7","5","10",6.429
944,"SMPC","M",25,"ABI","4.6","6","4.9","10.5",7.429
945,"SMPC","F",24,"5.5","ABI","ABI","ABI","10.5",4.857
946,"SMPC","M",21,"17.5","14","16","15","10.67",13.274
947,"SMPC","F",20,"ABI","ABI","ABI","ABI","ABI",0
948,"SMPC","M",26,"ABI","ABI","ABI","ABI","ABI",0
949,"SMPC","F",26,"5.5","4.6","6","4.9","10.5",9.143
950,"SMPC","F",22,"ABI","ABI","6","ABI","10.5",4.464
951,"SMPC","M",32,"ABI","ABI","ABI","ABI","ABI",0
952,"SMPC","F",23,"ABI","ABI","6","ABI","10.5",6.786
953,"SMPC","F",21,"1","0","2.5","1.25","12",3.857
954,"SMPC","F",20,"0","5","13","9","8.67",6.31
955,"SMPC","M",19,"ABI","ABI","ABI","ABI","ABI",0
956,"SMPC","M",24,"5.5","4.6","ABI","ABI","10.5",6
957,"SMPC","M",21,"2.5","3","4","3.5","14",6.786
958,"SMPC","F",27,"11.5","5","6","2.5","10.5",9.714
959,"SMPC","F",20,"8.5","10","7","8.5","8.67",7.024
960,"SMPC","F",23,"ABI","ABI","ABI","ABI","10.5",4.643
961,"SMPC","M",19,"ABI","ABI","ABI","ABI","ABI",0
962,"SMPC","M",49,"ABI","ABI","ABI","ABI","ABI",1.429
963,"SMPC","F",21,"3","1","6","0.5","10.5",5.429
964,"SMPC","M",21,"5.5","10","5","7.5","8",5.643
965,"SMPC","M",20,"0","4.6","18","9","10.67",9.881
966,"SMPC","M",18,"11","1","17","9","19.33",10.761
967,"SMPC","M",20,"ABI","ABI","ABI","ABI","ABI",0
968,"SMPC","M",24,"ABI","ABI","ABI","ABI","ABI",0
969,"SMPC","M",19,"0","1","2","1.5","15.33",3.404
970,"SMPC","M",19,"17.5","8","13","10.5","16.67",11.024
971,"SMPC","F",20,"ABI","ABI","ABI","ABI","10.5",5.143
972,"SMPC","F",23,"ABI","ABI","ABI","ABI","ABI",0
973,"SMPC","M",20,"18.5","12","15.5","13.75","18",15.5
974,"SMPC","M",28,"ABI","ABI","ABI","ABI","ABI",0
975,"SMPC","M",19,"7","1","15.5","8.25","12",7.214
976,"SMPC","M",22,"ABI","ABI","ABI","ABI","ABI",0
977,"SMPC","M",29,"3","4.6","6","4.9","10.5",8.429
978,"SMPC","M",19,"ABI","ABI","ABI","ABI","ABI",0
979,"SMPC","F",19,"5","5","16","10.5","12.67",8.024
980,"SMPC","F",19,"14.5","12.5","16","14.25","14.67",12.239
981,"SMPC","F",20,"0","0","0","0","8",2.071
982,"SMPC","M",22,"0","13","6","6.5","10.5",10.143
983,"SMPC","M",21,"13","4.5","6","5.25","ABI",5
984,"SMPC","M",22,"ABI","ABI","ABI","ABI","ABI",0
985,"SMPC","M",24,"ABI","ABI","ABI","ABI","ABI",0
986,"SMPC","M",20,"ABI","ABI","ABI","ABI","ABI",0
987,"SMPC","M",22,"ABI","ABI","ABI","ABI","10.5",3
988,"SMPC","F",20,"7.5","6.5","12","9.25","16.67",8.953
989,"SMPC","M",19,"0","0","0","0","9.33",2.19
990,"SMPC","F",20,"3","0.5","3","1.75","9.33",2.904
991,"SMPC","F",19,"0","0","11","5.5","15.33",5.833
992,"SMPC","F",24,"0","0","0","0","10.5",3.786
993,"SMPC","M",24,"0","12.5","3","7.75","9.33",4.69
994,"SMPC","F",22,"ABI","ABI","ABI","ABI","10.5",2.143
995,"SMPC","M",22,"0","0","11","5.5","10.5",4.357
996,"SMPC","F",19,"15","11","7","9","14",11.571
997,"SMPC","M",19,"16.5","12.5","17","14.75","10.67",11.739
998,"SMPC","M",20,"6.5","7.5","6","6.75","10.67",5.667
999,"SMPC","M",22,"10","1.5","11.5","6.5","12",8.214
1000,"SMPC","M",21,"ABI","ABI","ABI","ABI","ABI",0
1001,"SMPC","M",22,"ABI","ABI","6","ABI","10.5",3.571
1002,"SMPC","M",20,"1.5","0","6","3","11.33",5.404
1003,"SMPC","M",20,"18.5","12.5","15","13.75","8.67",9.31
1004,"SMPC","F",24,"8.5","4","2","3","10.67",5.667
1005,"SMPC","M",19,"10","0.5","6","3.25","12.67",4.596
1006,"SMPC","M",21,"5.5","4.6","6","4.9","10.67",12
1007,"SMPC","M",20,"ABI","ABI","ABI","ABI","ABI",0
1008,"SMPC","F",19,"4.5","0","10","5","10",5.857
1009,"SMPC","F",24,"5.5","ABI","ABI","ABI","10.5",3.071
1010,"SMPC","M",20,"0","0","0","0","8.67",2.453
1011,"SMPC","M",24,"ABI","ABI","6","ABI","10.5",3
1012,"SMPC","M",29,"1.5","0","0","0","10.5",3.926
1013,"SMPC","M",27,"ABI","ABI","ABI","ABI","ABI",1.714
1014,"SMPC","F",21,"8.5","1","6","0.5","10.5",7.5
1015,"SMPC","M",23,"ABI","ABI","6","ABI","10.5",5.357
1016,"SMPC","M",29,"12.5","12","13","12.5","16.67",9.524
1017,"SMPC","M",20,"ABI","ABI","ABI","ABI","ABI",0
1018,"SMPC","F",23,"0","0","2","1","10.5",4.286
1019,"SMPC","F",22,"0","1","5","3","10.5",3.714
1020,"SMPC","M",19,"0","2","0","1","12",2.786
1021,"SMPC","F",19,"ABI","ABI","ABI","ABI","ABI",0
1022,"SMPC","M",23,"ABI","ABI","ABI","ABI","ABI",0
1023,"SMPC","M",19,"12","5","9","7","18.67",10.81
1024,"SMPC","M",35,"12.5","5","15","10","18",8.714
1025,"SMPC","M",21,"10","10","6","5","10.5",10.25
1026,"SMPC","F",18,"7","5","7","6","18.67",7.881
1027,"SMPC","M",21,"ABI","ABI","ABI","ABI","ABI",0
1028,"SMPC","F",19,"ABI","ABI","ABI","ABI","ABI",0
1029,"SMPC","M",23,"ABI","ABI","ABI","ABI","10.5",4.5
1030,"SMPC","M",19,"0","1","0","0.5","12",4.143
1031,"SMPC","M",22,"0","1","1","1","10.5",3.5
1032,"SMPC","M",29,"5.5","4.6","6","4.9","10.5",9.279
1033,"SMPC","F",20,"7","1","16.75","8.875","9.33",7.369
1034,"SMPC","F",28,"4","4.6","6","4.9","10.5",9.143
1035,"SMPC","M",23,"ABI","5","0","2.5","ABI",0.714
1036,"SMPC","F",20,"ABI","ABI","ABI","ABI","10.5",3.286
1037,"SMPC","F",22,"12.5","0","16.25","8.125","10.5",11.107
1038,"SMPC","F",24,"ABI","ABI","6","ABI","10.5",4.6
1039,"SMPC","F",19,"0","ABI","5","ABI","ABI",1.786
1040,"SMPC","M",22,"ABI","ABI","ABI","ABI","ABI",0
1041,"SMPC","M",19,"ABI","ABI","ABI","ABI","ABI",0
1042,"SMPC","F",19,"0","1","0","0.5","10.67",3.024
1043,"SMPC","M",20,"ABI","ABI","ABI","ABI","ABI",0
1044,"SMPC","M",22,"0","1","0","0.5","10.5",2.429
1045,"SMPC","F",19,"0","ABI","ABI","ABI","ABI",0.929
1046,"SMPC","F",21,"12.5","7","6","3.5","10.5",11.286
1047,"SMPC","F",22,"ABI","ABI","6","ABI","10.5",5.214
1048,"SMPC","M",19,"0","0","0","0","14",3.143
1049,"SMPC","F",19,"8.5","2","3.5","2.75","16.67",7.596
1050,"SMPC","F",21,"ABI","ABI","6","ABI","10.5",6.714
1051,"SMPC","F",19,"0","0","2.25","1.125","12",2.607
1052,"SMPC","M",20,"3.5","7.5","2.75","5.125","12.67",5.131
1053,"SMPC","M",20,"1","0","0.5","0.25","10.5",2.714
1054,"SMPC","M",25,"5.5","4.6","ABI","ABI","10.5",6.464
1055,"SMPC","M",26,"ABI","ABI","ABI","ABI","10.5",1.5
1056,"SMPC","M",19,"9","6","8.75","7.375","13.33",7.583
1057,"SMPC","F",20,"11","0","3.25","1.625","10.5",7.964
1058,"SMPC","F",18,"6","0","2","1","13.33",4.547
1059,"SMPC","M",21,"ABI","ABI","6","ABI","ABI",1.429
1060,"SMPC","F",20,"10","4","6","2","10.5",8.214
1061,"SMPC","M",23,"2.5","0","7.5","3.75","10.5",5.857
1062,"SMPC","F",19,"12","4","12.25","8.125","10.5",8.821
1063,"SMPC","F",22,"ABI","ABI","ABI","ABI","10.5",3.786
1064,"SMPC","F",20,"ABI","ABI","ABI","ABI","ABI",0.857
1065,"SMPC","F",21,"ABI","ABI","ABI","ABI","ABI",0
1066,"SMPC","M",19,"10","0.5","8.5","4.5","12",5.571
1067,"SMPC","M",19,"0","0","0","0","12",2.5
1068,"SMPC","F",22,"0","0","15.75","7.875","14.67",6.631
1069,"SMPC","M",21,"15.5","10","6","5","8",10.214
1070,"SMPC","F",19,"0","1","7.5","4.25","13.33",4.69
1071,"SMPC","M",21,"ABI","ABI","ABI","ABI","ABI",0
1072,"SMPC","F",19,"0","0","0","0","12.67",2.453
1073,"SMPC","M",40,"2","0","0","0","13.33",3.261
1074,"SMPC","M",22,"0","1","6","0.5","10.5",5.071
1075,"SMPC","F",20,"5.5","11","6","5.5","14",9.286
1076,"SMPC","M",19,"ABI","ABI","ABI","ABI","ABI",0
1077,"SMPC","M",23,"1","0","ABI","ABI","10.5",5.357
1078,"SMPC","F",20,"10","1","16.5","8.75","9.33",7.333
1079,"SMPC","F",19,"ABI","ABI","ABI","ABI","ABI",0
1080,"SMPC","M",22,"0","2","0","1","8.67",2.667
1081,"SMPC","M",30,"5.5","ABI","ABI","ABI","10.5",6.549
1082,"SMPC","M",24,"ABI","0","0","0","8.67",1.239
1083,"SMPC","M",22,"13.5","14","13","13.5","6.67",9.667
1084,"SMPC","M",21,"ABI","ABI","ABI","ABI","ABI",0
1085,"SMPC","M",24,"ABI","ABI","ABI","ABI","ABI",0
1086,"SMPC","M",19,"ABI","ABI","ABI","ABI","ABI",0
1087,"SMPC","F",19,"0","2.5","8","5.25","14",5.286
1088,"SMPC","F",23,"ABI","ABI","ABI","ABI","10.5",2.857
1089,"SMPC","F",22,"ABI","ABI","ABI","ABI","ABI",0
1090,"SMPC","M",21,"0","0","0","0","10.5",3
1091,"SMPC","M",25,"ABI","ABI","ABI","ABI","ABI",0
1092,"SMPC","M",21,"10","0","0","0","10.5",6.357
1093,"SMPC","F",19,"11","3","8.75","5.875","12.67",8.203
1094,"SMPC","M",23,"6.5","5","6","2.5","10.5",7.857
1095,"SMPC","M",20,"ABI","ABI","ABI","ABI","10.5",3.571
1096,"SMPC","M",21,"18","4.6","6","4.9","10.5",11.143
1097,"SMPC","M",29,"ABI","ABI","ABI","ABI","10.5",5.943
1098,"SMPC","F",20,"ABI","ABI","ABI","ABI","ABI",0
1099,"SMPC","M",21,"ABI","ABI","6","ABI","ABI",3.5
1100,"SMPC","F",28,"ABI","4.6","6","4.9","ABI",6.5
1101,"SMPC","M",51,"10","6","6","3","10.5",7.929
1102,"SMPC","M",53,"3","4","9.25","6.625","15.33",6.226
1103,"SMPC","M",19,"0","ABI","0","ABI","ABI",0.714
1104,"SMPC","M",20,"12","8.5","10.75","9.625","6",8.25
1105,"SMPC","F",19,"0","0","17","8.5","9.33",8.476
1106,"SMPC","M",22,"14","7.5","12","9.75","8.67",8.524
1107,"SMPC","F",21,"5.5","ABI","ABI","ABI","10.5",4.357
1108,"SMPC","F",26,"5.5","ABI","ABI","ABI","10.5",5.857
1109,"SMPC","M",19,"ABI","ABI","ABI","ABI","ABI",0
1110,"SMPC","F",18,"7","1.5","7.5","4.5","15.33",6.547
1111,"SMPC","M",23,"ABI","ABI","ABI","ABI","10.5",1.5
1112,"SMPC","M",24,"0","1","0","0.5","10.5",5.714
1113,"SMPC","F",20,"9","14","10.75","12.375","16.67",10.774
1114,"SMPC","M",29,"ABI","ABI","ABI","ABI","ABI",0
1115,"SMPC","F",25,"3.5","0","3.25","1.625","10.5",7.221
1116,"SMPC","F",21,"0","0","10","5","10",4.286
1117,"SMPC","M",22,"0","0","0","0","10.5",2.571
1118,"SMPC","F",20,"5.5","4.5","6","2.25","10.5",7.857
1119,"SMPC","M",19,"0","0","0","0","12",2.357
1120,"SMPC","M",21,"0","2","0","1","12",3.643
1121,"SMPC","F",22,"8","6.5","6","3.25","10.5",9.714
1122,"SMPC","F",26,"ABI","ABI","ABI","ABI","10.5",3
1123,"SMPC","M",18,"13","14.5","9","11.75","15.33",12
1124,"SMPC","F",26,"0","1","2.25","1.625","11.33",2.654
1125,"SMPC","M",20,"16","4.6","6","4.9","12.67",12
1126,"SMPC","M",24,"14.5","7","14.5","10.75","10.5",11.179
1127,"SMPC","F",21,"ABI","ABI","ABI","ABI","10.5",3.429
1128,"SMPC","M",22,"18","10","17.75","13.875","0",9.821
1129,"SMPC","M",18,"ABI","ABI","ABI","ABI","ABI",0
1130,"SMPC","M",19,"4","0","3.75","1.875","14",5.321
1131,"SMPC","F",21,"0","4.6","3.5","1.75","10.5",5
1132,"SMPC","F",19,"13","3.5","15.75","9.625","15.33",9.869
1133,"SMPC","M",20,"1","0","1","0.5","10.67",2.953
1134,"SMPC","F",19,"0","0","0.25","0.125","13.33",2.654
1135,"SMPC","M",21,"3","4","1.75","2.875","10.5",4.321
1136,"SMPC","F",21,"4.5","0","2","1","8.67",5.167
1137,"SMPC","F",19,"5","1","8.25","4.625","10",6.179
1138,"SMPC","M",18,"0","ABI","ABI","ABI","8",3.143
1139,"SMPC","M",21,"10","5.5","3.5","4.5","6",5.643
1140,"SMPC","M",33,"ABI","ABI","ABI","ABI","10.5",4.3
1141,"SMPC","M",21,"5.5","5.5","6","2.75","10.5",11
1142,"SMPC","M",24,"ABI","ABI","ABI","ABI","10.5",1.429
1143,"SMPC","F",20,"14.5","8","6","4","10.5",10.643
1144,"SMPC","M",20,"0","0","0","0","ABI",0.286
1145,"SMPC","F",22,"ABI","ABI","6","ABI","10.5",3.5
1146,"SMPC","M",24,"17.5","4.6","16.25","8.125","10.5",13.321
1147,"SMPC","F",19,"0","0","3.25","1.625","8.67",2.631
1148,"SMPC","M",30,"ABI","ABI","ABI","ABI","ABI",0
1149,"SMPC","F",20,"ABI","ABI","ABI","ABI","ABI",0
1150,"SMPC","F",21,"ABI","ABI","ABI","ABI","10.5",4.5
1151,"SMPC","M",27,"0","1","1","1","12",3.071
1152,"SMPC","M",21,"ABI","ABI","ABI","ABI","ABI",0
1153,"SMPC","M",22,"7","5","6","2.5","7.33",7.261
1154,"SMPC","M",25,"8.5","4.6","6","4.9","6.67",9.024
1155,"SMPC","F",20,"1","5.5","0","2.75","9.33",3.19
1156,"SMPC","M",21,"ABI","ABI","ABI","ABI","ABI",0
1157,"SMPC","M",20,"ABI","ABI","ABI","ABI","ABI",0
1158,"SMPC","F",20,"ABI","ABI","ABI","ABI","10.5",1.714
1159,"SMPC","M",21,"0","10","10.75","10.375","10",5.107
1160,"SMPC","M",19,"12.5","10.5","15.25","12.875","9.33",9.654
1161,"SMPC","M",25,"5.5","ABI","ABI","ABI","10.5",4.536
1162,"SMPC","F",20,"4.5","8","6","4","10.5",9.857
1163,"SMPC","M",21,"0","0","12.75","6.375","9.33",5.297
1164,"SMPC","F",19,"ABI","ABI","ABI","ABI","ABI",0
1165,"SMPC","F",22,"5.5","4.6","6","4.9","10.5",9.429
1166,"SMPC","M",21,"ABI","ABI","ABI","ABI","ABI",0
1167,"SMPC","M",20,"6","14.5","10.25","12.375","13.33",11.261
1168,"SMPC","M",20,"ABI","ABI","ABI","ABI","ABI",0
1169,"SMPC","M",21,"0","0","4.5","2.25","6",3.929
1170,"SMPC","M",21,"ABI","ABI","ABI","ABI","ABI",1.607
1171,"SMPC","F",21,"ABI","0","0.75","0.375","10.67",2.631
1172,"SMPC","M",20,"0","0","0","0","9.33",2.404
1173,"SMPC","M",20,"4","1","0.25","0.625","8.67",3.274
1174,"SMPC","F",30,"ABI","4.6","6","4.9","10.5",7.357
1175,"SMPC","F",25,"6.5","7","6","3.5","10.67",7.167
1176,"SMPC","F",20,"14.5","5","9.25","7.125","9.33",8.654
1177,"SMPC","M",24,"ABI","ABI","ABI","ABI","10.5",1.429
1178,"SMPC","M",20,"0","0","0","0","10",2.214
1179,"SMPC","F",18,"14","0","17","8.5","18",10
1180,"SMPC","M",23,"0","0","0","0","11.33",2.333
1181,"SMPC","F",19,"0","0","0","0","8.67",2.167
1182,"SMAI","F",21,"5.5","6.5","9","7.75","10.5",9.143
1183,"SMAI","M",19,"12.5","10.25","12.5","11.375","9",11.5
1184,"SMAI","M",20,"0","4.25","2.5","3.375","10.5",7.857
1185,"SMAI","M",19,"15.5","11.25","6.5","8.875","15",12.786
1186,"SMAI","M",20,"15","13.5","16","14.75","6",10.929
1187,"SMAI","M",19,"7","6.5","1.5","4","13.5",9.643
1188,"SMAI","M",18,"4","2.5","4","3.25","8",5.286
1189,"SMAI","F",19,"13.5","5","3.5","4.25","6.5",5.929
1190,"SMAI","M",20,"0","2.5","0.5","1.5","4.5",1.5
1191,"SMAI","M",24,"12","9","11","10","12.5",10.571
1192,"SMAI","M",19,"0.5","0","0","0","ABI",0.071
1193,"SMAI","M",24,"ABI","ABI","ABI","ABI","10.5",2.857
1194,"SMAI","M",24,"6","0.5","5","2.75","16",6.786
1195,"SMAI","M",22,"3","4.5","1.5","3","10",5.571
1196,"SMAI","F",19,"10","6","6.5","6.25","11",8.643
1197,"SMAI","M",19,"ABI","ABI","ABI","ABI","ABI",0
1198,"SMAI","F",20,"12.5","11.25","6","5.625","10.5",13
1199,"SMAI","F",19,"10","6","2.5","4.25","9",8.5
1200,"SMAI","F",19,"0","2.5","0","1.25","8",5.214
1201,"SMAI","M",19,"ABI","ABI","ABI","ABI","ABI",0
1202,"SMAI","M",20,"1.5","1","0.5","0.75","12.5",3.071
1203,"SMAI","F",20,"11","11","10.5","10.75","10.5",12.357
1204,"SMAI","M",19,"1","1.5","1.5","1.5","11.5",4.214
1205,"SMAI","M",20,"6.5","5","0.5","2.75","8",5.786
1206,"SMAI","M",20,"14","6","9","7.5","10",11.357
1207,"SMAI","F",21,"5.5","4.6","4","2","10.5",9.571
1208,"SMAI","M",19,"10","3","5.5","4.25","10.5",9.357
1209,"SMAI","M",19,"13.5","11.25","14","12.625","9",13.5
1210,"SMAI","M",20,"5","3.75","2.5","3.125","10.5",6.786
1211,"SMAI","M",36,"ABI","ABI","ABI","ABI","ABI",0
1212,"SMAI","F",21,"ABI","ABI","ABI","ABI","ABI",0
1213,"SMAI","M",26,"ABI","ABI","ABI","ABI","10.5",1.571
1214,"SMAI","F",18,"0","0.5","0","0.25","5.5",1
1215,"SMAI","M",20,"5.5","4.5","1","2.75","10.5",8.5
1216,"SMAI","M",20,"6","13.5","15","14.25","7",9.643
1217,"SMAI","M",19,"14","14","15","14.5","6",11.286
1218,"SMAI","M",19,"2","6","0.5","3.25","7",4.857
1219,"SMAI","M",22,"0.5","1.5","1","1.25","6.5",3
1220,"SMAI","F",20,"ABI","ABI","ABI","ABI","10.5",1.857
1221,"SMAI","M",21,"0","1","0.5","0.75","ABI",0.571
1222,"SMAI","M",19,"6","7","0","3.5","6",5.714
1223,"SMAI","M",21,"17.5","4.6","6","4.9","11.33",11.404
1224,"SMAI","M",19,"0","1","0.5","0.75","3",0.786
1225,"SMAI","F",19,"0","0.5","0.5","0.5","12",3.643
1226,"SMAI","M",18,"6.5","5","7","6","10",8.857
1227,"SMAI","F",19,"ABI","ABI","ABI","ABI","ABI",0
1228,"SMAI","M",22,"5.5","1.5","10","5.75","10.5",8.214
1229,"SMAI","M",19,"0","0","0","0","8",1.143
1230,"SMAI","M",20,"2","5.5","5","5.25","10.5",8.429
1231,"SMAI","M",23,"0","13","8","10.5","6",6.429
1232,"SMAI","M",29,"ABI","ABI","ABI","ABI","ABI",0
1233,"SMAI","F",21,"5.5","5.5","6","2.75","10.5",9.857
1234,"SMAI","F",19,"ABI","ABI","ABI","ABI","ABI",0
1235,"SMAI","M",19,"4","8.5","3.5","6","10",9.071
1236,"SMAI","M",20,"0.5","7.25","5.5","6.375","7",5.143
1237,"SMAI","F",18,"ABI","ABI","ABI","ABI","ABI",0
1238,"SMAI","M",20,"2.5","1","0","0.5","6",1.857
1239,"SMAI","F",21,"4.5","4","1","2.5","10.5",9.214
1240,"SMAI","F",22,"ABI","ABI","ABI","ABI","10.5",3.429
1241,"SMAI","F",19,"1.5","4.5","0.5","2.5","12.5",5.857
1242,"SMAI","M",20,"ABI","ABI","ABI","ABI","10.5",1.643
1243,"SMAI","M",28,"0","ABI","6","ABI","10.5",4.857
1244,"SMAI","M",19,"0","12.25","9","10.625","4.5",7.643
1245,"SMAI","F",19,"1","9","7","8","8",8.143
1246,"SMAI","F",19,"1","0.5","0.5","0.5","5",1.429
1247,"SMAI","F",19,"0.5","3.5","2","2.75","7",3
1248,"SMAI","M",19,"ABI","ABI","ABI","ABI","ABI",0
1249,"SMAI","M",19,"0.5","4","2.5","3.25","8.5",5.357
1250,"SMAI","F",20,"4.5","3.5","5","4.25","10.5",5.286
1251,"SMAI","M",20,"ABI","ABI","ABI","ABI","10.5",2.286
1252,"SMAI","M",23,"3","7","6.5","6.75","9.5",6.643
1253,"SMAI","F",20,"2","0","8","4","10.5",6.786
1254,"SMAI","F",19,"2.5","9.5","9","9.25","7",6.643
1255,"SMAI","M",21,"13.5","6","0","3","10.5",9.357
1256,"SMAI","M",19,"0","7.5","5.5","6.5","7",6.643
1257,"SMAI","F",21,"10","6.5","6.5","6.5","4.5",7.5
1258,"SMAI","M",23,"ABI","ABI","ABI","ABI","10.5",5.971
1259,"SMAI","M",19,"ABI","ABI","ABI","ABI","ABI",0
1260,"SMAI","M",20,"0","0.5","0.5","0.5","ABI",0.214
1261,"SMAI","F",24,"ABI","ABI","ABI","ABI","ABI",0
1262,"SMAI","M",28,"ABI","4.6","6","4.9","10.5",7.143
1263,"SMAI","M",21,"5.5","3.5","2.5","3","5.5",6.714
1264,"SMAI","M",37,"ABI","ABI","ABI","ABI","ABI",0
1265,"SMAI","M",41,"ABI","ABI","ABI","ABI","ABI",0
1266,"SMAI","M",19,"0","ABI","0","ABI","10",2.857
1267,"SMAI","M",20,"14","1","6","0.5","10.5",10.286
1268,"SMAI","M",20,"13","4.6","6","4.9","3",11.286
1269,"SMAI","M",19,"4.5","8.5","8","8.25","12.5",9.357
1270,"SMAI","M",21,"1.5","0.5","6","0.25","10.5",5.5
1271,"SMAI","M",19,"0.5","1","1","1","18",3.357
1272,"SMAI","M",42,"0","2","5.5","3.75","10.5",6.071
1273,"SMAI","F",21,"0","0","1","0.5","10.5",1.571
1274,"SMAI","F",19,"1","5","0.5","2.75","10.5",5.071
1275,"SMAI","F",20,"0.5","0.5","0.5","0.5","10.5",2.5
1276,"SMAI","F",20,"3","1","6","0.5","10.5",5.143
1277,"SMAI","M",19,"0","0","0","0","5.5",0.786
1278,"SMAI","M",20,"0","6.75","5","5.875","3.5",3.143
1279,"SMAI","F",22,"ABI","ABI","ABI","ABI","10.5",1.571
1280,"SMAI","M",19,"2.5","4.5","5.5","5","8",6.786
1281,"SMAI","M",21,"ABI","ABI","ABI","ABI","10.5",1.571
1282,"SMAI","M",20,"5.5","2","8.5","5.25","10.5",9
1283,"SMAI","M",20,"ABI","ABI","ABI","ABI","ABI",0
1284,"SMAI","F",25,"ABI","ABI","ABI","ABI","10.5",4.743
1285,"SMAI","M",20,"0","ABI","0","ABI","10.5",3.714
1286,"SMAI","F",36,"10","9","8.5","8.75","6",9.286
1287,"SMAI","M",19,"0.5","1","0","0.5","5",1.071
1288,"SMAI","M",21,"0","2.5","1","1.75","1.5",2.214
1289,"SMAI","M",22,"0","0","0","0","10",1.429
1290,"SMAI","F",22,"ABI","ABI","ABI","ABI","ABI",0
1291,"SMAI","F",21,"6","9.5","7.5","8.5","12.5",8.357
1292,"SMAI","F",19,"ABI","ABI","ABI","ABI","ABI",0
1293,"SMAI","M",20,"1.5","0","0","0","8",1.786
1294,"SMAI","F",19,"1.5","6.5","0","3.25","11",6.429
1295,"SMAI","M",20,"5.5","2.5","11","6.75","10.5",12.286
1296,"SMAI","M",19,"1.5","6","7.5","6.75","15",7.429
1297,"SMAI","M",20,"10","9","6","4.5","10.5",11.286
1298,"SMAI","M",20,"5.5","5","4","4.5","16",9
1299,"SMAI","M",18,"5","ABI","3.5","ABI","ABI",3.786
1300,"SMAI","M",19,"1.5","4","1.5","2.75","10.5",4.357
1301,"SMAI","M",29,"16.5","14.5","18","16.25","10",13
1302,"SMAI","M",22,"0","0","0","0","12",1.714
1303,"SMAI","M",19,"2","2.5","2","2.25","12",4.214
1304,"SMAI","F",17,"1.5","1","2","1.5","10.5",3.429
1305,"SMAI","M",18,"10","3.5","2.5","3","15.5",7.286
1306,"SMAI","M",19,"3","4","1.5","2.75","15",5.714
1307,"SMAI","F",19,"1","4.5","2.5","3.5","12",8
1308,"SMAI","F",20,"0.5","0.5","2","1.25","ABI",0.714
1309,"SMAI","M",21,"1","ABI","1","ABI","11.5",1.929
1310,"SMAI","F",21,"ABI","ABI","ABI","ABI","10.5",2.286
1311,"SMAI","M",21,"ABI","ABI","ABI","ABI","ABI",0
1312,"SMAI","F",21,"1","6.25","2","4.125","10",6.429
1313,"SMAI","M",21,"0","1","0","0.5","10.5",2
1314,"SMAI","M",19,"0","2.5","0","1.25","13.5",5.786
1315,"SMAI","M",21,"5.5","0","0","0","10.5",4.571
1316,"SMAI","F",20,"ABI","ABI","ABI","ABI","3.5",0.5
1317,"SMAI","M",19,"ABI","ABI","ABI","ABI","ABI",0
1318,"SMAI","M",25,"0","6","3.5","4.75","4",4
1319,"SMAI","F",20,"ABI","ABI","ABI","ABI","10.5",2
1320,"SMAI","F",19,"1","3","3.5","3.25","7",4.571
1321,"SMAI","F",19,"ABI","ABI","ABI","ABI","ABI",0
1322,"SMAI","F",18,"ABI","ABI","ABI","ABI","ABI",0
1323,"SMAI","M",20,"0","4.5","0","2.25","3.5",1.786
1324,"SMAI","F",20,"6.5","3","6","1.5","10.5",8.643
1325,"SMAI","F",19,"0","4","4","4","6",3.571
1326,"SMAI","F",20,"ABI","ABI","ABI","ABI","10.5",1.857
1327,"SMAI","M",20,"2.5","6.5","6.5","6.5","1",5.143
1328,"SMAI","F",19,"17.5","6","9","7.5","4",10.571
1329,"SMAI","M",19,"2","7.5","5.5","6.5","14",7.214
1330,"SMAI","M",20,"10","4.6","6","4.9","3",9.357
1331,"SMAI","M",33,"ABI","ABI","ABI","ABI","ABI",0
1332,"SMAI","F",19,"2.5","11","10","10.5","12.5",8.857
1333,"SMAI","M",20,"0","2.25","2","2.125","5.5",2.071
1334,"SMAI","M",19,"0.5","7.5","6","6.75","4.5",5.786
1335,"SMAI","M",21,"ABI","ABI","ABI","ABI","10.5",4.286
1336,"SMAI","F",19,"0","3","0","1.5","10",3.857
1337,"SMAI","M",20,"ABI","ABI","ABI","ABI","ABI",0
1338,"SMAI","M",21,"0","0","0","0","4",0.571
1339,"SMAI","M",22,"0","0.5","0","0.25","10.5",3.214
1340,"SMAI","M",21,"0.5","2","0","1","10.5",4.786
1341,"SMAI","M",19,"0","3.25","1","2.125","6",3.643
1342,"SMAI","M",27,"ABI","ABI","ABI","ABI","ABI",0
1343,"SMAI","M",20,"0","1","0","0.5","2.5",0.643
1344,"SMAI","M",19,"ABI","ABI","1","ABI","ABI",0.143
1345,"SMAI","M",21,"2","8.5","8","8.25","4.5",4.643
1346,"SMAI","F",19,"2","7.5","6.5","7","6.5",6.929
1347,"SMAI","M",37,"ABI","ABI","ABI","ABI","ABI",0
1348,"SMAI","M",23,"10","8.5","6","4.25","10.5",10.114
1349,"SMAI","F",26,"ABI","ABI","ABI","ABI","10.5",6.314
1350,"SMAI","F",20,"0","1","3.5","2.25","10.5",3.714
1351,"SMAI","M",23,"0","3","10","6.5","10.5",6.571
1352,"SMAI","F",19,"5.5","10.25","7","8.625","5",9.786
1353,"SMAI","F",20,"10","6.5","5","5.75","9",8
1354,"SMAI","M",20,"4","12.75","8","10.375","0",8
1355,"SMAI","M",20,"ABI","ABI","ABI","ABI","ABI",0
1356,"SMAI","F",19,"2","7.5","2","4.75","8",6.929
1357,"SMAI","M",20,"2.5","1.5","8","4.75","9",5.286
1358,"SMAI","M",19,"ABI","ABI","ABI","ABI","ABI",0
1359,"SMAI","M",18,"10","9","10","9.5","7.5",11
1360,"SMAI","M",20,"ABI","ABI","ABI","ABI","ABI",0
1361,"SMAI","M",21,"0","0.5","0","0.25","5",1.286
1362,"SMAI","M",22,"5.5","0.5","1","0.75","4.5",4.286
1363,"SMAI","M",32,"3","5","8","6.5","10.5",5.5
1364,"SMAI","F",31,"ABI","ABI","6","ABI","10.5",5.714
1365,"SMAI","M",18,"5","8.75","15","11.875","6.5",10.571
1366,"SMAI","M",19,"0","0.5","1","0.75","8",1.857
1367,"SMAI","M",21,"ABI","ABI","ABI","ABI","ABI",0
1368,"SMAI","M",21,"ABI","ABI","ABI","ABI","ABI",0
1369,"SMAI","M",19,"10","8.75","10","9.375","10",10.429
1370,"SMAI","M",24,"ABI","ABI","ABI","ABI","ABI",0
1371,"SMAI","F",21,"ABI","ABI","ABI","ABI","ABI",0
1372,"SMAI","F",21,"0","1.5","3.5","2.5","10.5",2.786
1373,"SMAI","M",20,"0.5","2","1","1.5","7.5",1.857
1374,"SMAI","M",20,"0.5","8.25","6","7.125","ABI",4.429
1375,"SMAI","M",20,"5.5","7.5","9","8.25","8.5",7.571
1376,"SMAI","F",20,"0","4","7","5.5","4",4
1377,"SMAI","F",19,"0","7.75","2","4.875","5",4.5
1378,"SMAI","F",22,"1.5","0.5","1","0.75","10.5",5.786
1379,"SMAI","M",30,"10","4.6","6","4.9","4.5",9.071
1380,"SMAI","M",26,"1","7.5","6","3.75","ABI",6.447
1381,"SMAI","F",22,"0","4.5","5","4.75","10.5",6.143
1382,"SMAI","M",23,"5.5","0","12","6","8",7.643
1383,"SMAI","M",19,"0","8.75","3.5","6.125","4",5.286
1384,"SMAI","M",21,"ABI","ABI","ABI","ABI","ABI",0
1385,"SMAI","F",19,"4","9.75","10","9.875","14",11.571
1386,"SMAI","F",21,"2.5","0","6","3","10.5",6.929
1387,"SMAI","F",20,"3.5","4.25","0","2.125","10",4.857
1388,"SMAI","F",18,"ABI","ABI","ABI","ABI","ABI",0
1389,"SMAI","M",19,"2.5","3.75","8","5.875","12",7.643
1390,"SMAI","M",27,"ABI","ABI","ABI","ABI","10.5",4.857
1391,"SMAI","F",20,"5.5","5","16","10.5","10.5",13.071
1392,"SMAI","F",21,"ABI","ABI","ABI","ABI","ABI",0
1393,"SMAI","F",20,"0","1","7","4","10.5",5.571
1394,"SMAI","M",31,"0","0","2","1","8",5.643
1395,"SMAI","M",18,"0","3.5","6","4.75","6",2.857
1396,"SMAI","M",22,"ABI","ABI","6","ABI","10.5",3
1397,"SMAI","F",19,"3","6.25","10","8.125","8",8.214
1398,"SMAI","F",22,"ABI","ABI","ABI","ABI","ABI",0
1399,"SMAI","M",18,"17.5","10.5","1","5.75","13",9.857
1400,"SMAI","M",20,"ABI","ABI","ABI","ABI","ABI",0
1401,"SMAI","M",20,"ABI","ABI","ABI","ABI","ABI",0
1402,"SMAI","M",22,"ABI","ABI","ABI","ABI","ABI",0
1403,"SMAI","M",27,"0","0.5","0","0.25","13.5",2.071
1404,"SMAI","M",27,"4.5","1","6","0.5","10.5",5.357
1405,"SMAI","F",19,"0.5","1.25","2","1.625","11",3.714
1406,"SMAI","M",20,"0","0","0","0","11",1.571
1407,"SMAI","F",20,"0","2.25","3.5","2.875","8.5",2.429
1408,"SMAI","M",21,"ABI","ABI","ABI","ABI","ABI",0
1409,"SMAI","F",21,"ABI","ABI","ABI","ABI","ABI",0
1410,"SMAI","F",19,"ABI","ABI","ABI","ABI","ABI",0
1411,"SMAI","M",21,"1","0.5","2","1.25","12",3.857
1412,"SMAI","M",21,"1.5","2.5","0","1.25","10.5",3.571
1413,"SMAI","F",19,"0","0.5","8","4.25","12.5",5
1414,"SMAI","M",41,"ABI","ABI","ABI","ABI","ABI",0
1415,"SMAI","M",27,"ABI","ABI","ABI","ABI","10.5",3
1416,"SMAI","M",45,"ABI","4.6","ABI","ABI","10.5",4.429
1417,"SMAI","M",24,"1","3.5","2","2.75","12",4
1418,"SMAI","M",21,"4.5","8.5","10","9.25","8",9
1419,"SMAI","M",19,"1.5","8.25","14","11.125","5",7.5
1420,"SMAI","M",18,"0","1","8","4.5","6",4.786
1421,"SMAI","M",26,"ABI","ABI","ABI","ABI","10.5",5.857
1422,"SMAI","F",19,"6","6.25","5","5.625","10.5",7.714
1423,"SMAI","M",23,"ABI","4.6","6","4.9","ABI",6.786
1424,"SMAI","M",33,"ABI","ABI","ABI","ABI","ABI",0
1425,"SMAI","F",19,"1","6.25","10","8.125","10",8.643
1426,"SMAI","F",19,"0.5","2.75","2","2.375","13",4
1427,"SMAI","F",19,"1.5","2.5","1","1.75","11",3.071
1428,"SMAI","M",23,"5.5","10.25","6","5.125","10.5",10.377
1429,"SMAI","F",21,"1.5","2.5","2","2.25","10.5",6.5
1430,"SMAI","F",19,"5","3.5","3.5","3.5","13",6.571
1431,"SMAI","M",19,"6","9.5","10","9.75","4",7.929
1432,"SMAI","M",18,"ABI","ABI","ABI","ABI","ABI",0
1433,"SMAI","M",18,"ABI","ABI","ABI","ABI","ABI",0
1434,"SMAI","M",20,"12","4.6","14","7","10.5",12.643
1435,"SMAI","M",44,"0","0","0","0","10",1.429
1436,"SMAI","M",20,"3.5","9.25","9","9.125","2",7.357
1437,"SMAI","M",22,"16","12.25","14","13.125","10.5",13.571
1438,"SMAI","F",21,"ABI","ABI","ABI","ABI","10.5",1.857
1439,"SMAI","M",25,"ABI","ABI","ABI","ABI","10.5",3.257
1440,"SMAI","M",20,"2","5","6","5.5","7",6.143
1441,"SMAI","F",19,"10","5","10","7.5","7",9.214
1442,"SMAI","M",22,"0","4","1","2.5","3",2.143
1443,"SMAI","M",25,"ABI","ABI","ABI","ABI","ABI",1.429
1444,"SMAI","F",18,"5","0.5","2","1.25","14.5",3.5
1445,"SMAI","M",19,"0","5","6","5.5","12",6.5
1446,"SMAI","M",19,"10","6.75","2","4.375","11",9.071
1447,"SMAI","F",19,"0","4","0","2","5",4.286
1448,"SMAI","M",22,"3","1","3.5","2.25","11",4.643
1449,"SMAI","M",19,"0.5","4.25","6","5.125","10",5.929
1450,"SMAI","M",20,"ABI","ABI","ABI","ABI","10.5",2.286
1451,"SMAI","M",21,"ABI","ABI","ABI","ABI","ABI",0
1452,"SMAI","M",19,"5.5","8.5","6","7.25","13",8.429
1453,"SMAI","M",20,"1","3.75","2","2.875","6",2.643
1454,"SMAI","M",19,"0","5","1","3","4",2.714
1455,"SMAI","M",26,"ABI","ABI","ABI","ABI","ABI",0
1456,"SMAI","M",19,"0","4","2","3","11",3.429
1457,"SMAI","F",19,"4","8.5","10","9.25","10",9.714
1458,"SMAI","F",19,"6","3.25","0","1.625","12",4.929
1459,"SMAI","F",23,"5.5","ABI","6","ABI","10.5",8.371
1460,"SMAI","F",20,"ABI","ABI","ABI","ABI","ABI",0
1461,"SMAI","M",25,"ABI","ABI","ABI","ABI","10.5",3.429
1462,"SMAI","M",19,"4.5","4.5","6","5.25","10.5",7.071
1463,"SMAI","M",22,"ABI","ABI","ABI","ABI","ABI",1.429
1464,"SMAI","M",21,"0","0.5","0","0.25","ABI",0.429
1465,"SMAI","M",24,"ABI","ABI","ABI","ABI","ABI",0
1466,"SMAI","F",19,"ABI","ABI","ABI","ABI","ABI",0
1467,"SMAI","M",25,"6.5","8.5","12","10.25","10",8.643
1468,"SMAI","F",19,"ABI","ABI","ABI","ABI","ABI",0
1469,"SMAI","M",22,"0.5","0.5","0","0.25","10.5",2.143
1470,"SMAI","F",20,"5.5","1","1","1","10.5",8.786
1471,"SMAI","F",19,"2.5","2.75","12","7.375","10",7.071
1472,"SMAI","F",19,"1.5","0.5","1","0.75","ABI",0.5
1473,"SMAI","M",21,"10","14","12","13","5.5",10.929
1474,"SMAI","M",20,"0","0","0","0","10.5",1.857
1475,"SMAI","M",20,"0","0.5","6","3.25","16",7.214
1476,"SMAI","F",19,"5","8.5","9","8.75","5",8.857
1477,"SMAI","M",19,"0","0","1","0.5","8",1.857
1478,"SMAI","M",22,"10","9.75","10","9.875","10",10.357
1479,"SMAI","M",22,"5.5","4.6","10","5","10",9.857
1480,"SMAI","M",19,"ABI","ABI","ABI","ABI","ABI",0
1481,"SMAI","F",20,"1","0","6","3","10",2.857
1482,"SMAI","F",22,"1.5","0","1","0.5","10.5",7.414
1483,"SMAI","M",23,"5.5","2.5","6","4.25","10.5",6.571
1484,"SMAI","M",19,"0","2","1","1.5","4",1.286
1485,"SMAI","F",21,"0","0","0","0","7",1.286
1486,"SMAI","M",19,"ABI","ABI","ABI","ABI","ABI",0
1487,"SMAI","M",19,"5","7.25","3.5","5.375","13",7.071
1488,"SMAI","M",20,"0","0","1","0.5","10.5",4.429
1489,"SMAI","F",22,"10","2","6","1","10.5",11.143
1490,"SMAI","F",20,"5.5","4.6","12","6","10.5",11.357
1491,"SMAI","F",20,"2.5","6","6","6","9",6.5
1492,"SMAI","F",19,"0","6.25","1","3.625","11",4.357
1493,"SMAI","M",21,"0","9.75","12","10.875","10.5",8.5
1494,"SMAI","F",19,"4.5","4.5","2","3.25","12",5.643
1495,"SMAI","M",21,"13.5","8","12","10","10.5",12.714
1496,"SMAI","M",26,"ABI","ABI","6","ABI","10.5",7.2
1497,"SMAI","M",20,"1.5","0.75","1","0.875","12",3.643
1498,"SMAI","M",18,"18","9","13","11","10",13.143
1499,"SMAI","F",19,"ABI","ABI","ABI","ABI","ABI",0
1500,"SMAI","F",21,"ABI","ABI","ABI","ABI","ABI",0
1501,"SMAI","M",19,"ABI","ABI","ABI","ABI","ABI",0
1502,"SMAI","F",20,"1.5","7.25","6","6.625","10.5",8.214
1503,"SMAI","M",21,"5.5","4.6","9","4.5","10.5",9.929
1504,"SMAI","M",21,"5.5","9.75","11","10.375","10.5",11.571
1505,"SMAI","F",20,"ABI","ABI","ABI","ABI","ABI",0
1506,"SMAI","M",22,"0","0.25","2","1.125","10",3.357
1507,"SMAI","M",20,"0","1.5","5","3.25","11",2.786
1508,"SMAI","M",19,"0","0","0","0","8",2.429
1509,"SMAI","M",20,"0","ABI","0","ABI","10.5",1.429
1510,"SMAI","M",27,"10","10.25","6","8.125","12",11.286
1511,"SMAI","M",23,"ABI","ABI","ABI","ABI","10.5",1.429
1512,"SMAI","M",18,"0","0","3.5","1.75","6",2
1513,"SMAI","F",23,"ABI","ABI","ABI","ABI","ABI",0
1514,"SMAI","F",26,"2","3.25","3.5","3.375","13",5.286
1515,"SMAI","M",29,"0.5","0","6","0","10.5",7.22
1516,"SMAI","M",19,"5.5","1.5","9","5.25","10.5",10.5
1517,"SMAI","M",19,"4","7.25","9","8.125","10",8.071
1518,"SMAI","M",21,"3","7.75","3.5","5.625","8.5",6.857
1519,"SMAI","M",20,"3.5","6.75","6","6.375","7",7.071
1520,"SMAI","M",24,"5.5","ABI","ABI","ABI","10.5",4.714
1521,"SMAI","M",29,"5.5","0.5","6","0.25","10.5",7.697
1522,"SMAI","F",18,"0","ABI","0","ABI","ABI",0
1523,"SMAI","M",18,"2.5","5.5","11","8.25","14.5",8.143
1524,"SMAI","M",22,"0","0","0","0","10.5",1.643
1525,"SMAI","F",20,"10","10","3.5","6.75","4",9.643
1526,"SMAI","M",21,"0","9.5","9","9.25","11",5.929
1527,"SMAI","F",19,"1","3.75","1","2.375","9",4.357
1528,"SMAI","M",22,"0","0","0","0","10.5",3.357
1529,"SMAI","M",21,"0","ABI","0","ABI","ABI",0
1530,"SMAI","F",20,"ABI","ABI","ABI","ABI","10.5",1.714
1531,"SMAI","M",19,"0","0","0","0","ABI",0.786
1532,"SMAI","M",27,"ABI","ABI","ABI","ABI","ABI",3.514
1533,"SMAI","F",25,"14.5","15.5","11","13.25","13",14.5
1534,"SMAI","M",19,"ABI","ABI","ABI","ABI","ABI",0
1535,"SMAI","F",20,"1","7.75","9","8.375","10.5",8.071
1536,"SMAI","M",20,"ABI","ABI","ABI","ABI","ABI",0
1537,"SMAI","F",20,"ABI","ABI","ABI","ABI","10.5",2.714
1538,"SMAI","M",20,"5.5","9","8","8.5","10.5",11.714
1539,"SMAI","M",25,"ABI","0","ABI","ABI","ABI",0
1540,"SMAI","F",20,"0.5","2.75","6","4.375","10.5",6.5
1541,"SMAI","F",20,"ABI","ABI","ABI","ABI","ABI",0
1542,"SMAI","F",19,"1","5.75","3.5","4.625","7",5.429
1543,"SMAI","M",19,"0","6.5","2","4.25","7",6.857
1544,"SMAI","F",20,"3.5","5.25","8","6.625","10.5",8.571
1545,"SMAI","F",19,"3","5.25","8","6.625","14",8.286
1546,"SMAI","M",20,"0.5","6","8","7","5",6.286
1547,"SMAI","F",19,"0.5","1.5","1","1.25","5",1.357
1548,"SMAI","M",21,"0","0","1","0.5","10.5",3.5
1549,"SMAI","M",21,"ABI","ABI","ABI","ABI","ABI",0
1550,"SMAI","M",21,"ABI","ABI","ABI","ABI","10.5",1.429
1551,"SMAI","F",19,"2","8","12","10","16",8.214
1552,"SMAI","M",18,"ABI","ABI","ABI","ABI","ABI",0
1553,"SMAI","F",21,"ABI","ABI","ABI","ABI","ABI",0
1554,"SMAI","F",20,"5.5","3.75","1","2.375","10.5",5.643
1555,"SMAI","M",20,"4","8.5","0","4.25","10.5",5.929
1556,"SMAI","F",21,"ABI","ABI","ABI","ABI","10.5",1.5
1557,"SMAI","F",21,"0","ABI","1","ABI","10.5",5.143
1558,"SMAI","F",19,"1.5","ABI","2","ABI","12",2.857
1559,"SMAI","M",19,"0","4.25","2","3.125","ABI",1.5
1560,"SMAI","M",18,"0","8","1","4.5","12",6.929
1561,"SMAI","F",19,"12","12.5","11","11.75","9",12
1562,"SMAI","M",19,"ABI","ABI","ABI","ABI","6.5",1.5
1563,"SMAI","F",20,"5.5","7","10","8.5","10.5",11.357
1564,"SMAI","F",20,"5","7.5","10","8.75","5",7.714
1565,"SMAI","M",21,"2.5","5","3.5","4.25","10.5",4.786
1566,"SMAI","F",19,"10","5","6","5.5","12",6.714
1567,"SMAI","F",21,"5.5","10","8","9","10.5",9.857
1568,"SMAI","M",19,"1.5","3","7","5","6",4.357
1569,"SMAI","F",19,"ABI","ABI","ABI","ABI","ABI",0
1570,"SMAI","F",19,"0.5","8.25","6","7.125","ABI",5.571
1571,"SMAI","M",23,"ABI","ABI","ABI","ABI","11",1.571
1572,"SMAI","F",19,"0","1.75","1","1.375","11",2.571
1573,"SMAI","M",23,"0","5.5","7","6.25","8",5.143
1574,"SMAI","F",21,"5.5","5","10","7.5","10.5",9.143
1575,"SMAI","M",20,"0.5","5","2","3.5","11",6.143
1576,"SMAI","F",20,"11","6.5","11","8.75","10.5",11.5
1577,"SMAI","F",19,"10","8","6","7","13.5",8.786
1578,"SMAI","M",20,"10","13","13","13","15",12.643
1579,"SMAI","F",19,"2","0","1","0.5","7",2.286
1580,"SMAI","M",20,"0","0","0","0","10.5",1.5
1581,"SMAI","M",21,"10","4.6","11","5.5","5",10.143
1582,"SMAI","M",21,"ABI","ABI","ABI","ABI","ABI",0
1583,"SMAI","M",19,"0","9.25","12","10.625","9",6.786
1584,"SMAI","M",23,"ABI","ABI","ABI","ABI","ABI",0
1585,"SMAI","M",20,"ABI","ABI","ABI","ABI","ABI",0
1586,"SMAI","M",19,"0","5","2","3.5","5",3.214
1587,"SMAI","M",24,"ABI","ABI","ABI","ABI","10.5",3.943
1588,"SMAI","M",24,"ABI","ABI","ABI","ABI","10.5",1.571
1589,"SMAI","M",22,"5.5","0.5","0","0.25","10.5",6.594
1590,"SMAI","M",19,"5.5","9.75","6","7.875","12",7.643
1591,"SMAI","M",23,"1","2","8","5","9",6
1592,"SMAI","M",19,"2.5","6.5","7","6.75","6",7
1593,"SMAI","M",23,"ABI","ABI","ABI","ABI","10.5",1.714
1594,"SMAI","M",19,"0","1","0","0.5","10",2
1595,"SMAI","F",19,"0","0","1","0.5","8",1.357
1596,"SMAI","M",19,"6","0","0","0","9",2.143
1597,"SMAI","F",19,"0","2.5","1","1.75","13",5.571
1598,"SMAI","M",29,"ABI","ABI","ABI","ABI","ABI",0
1599,"SMAI","M",21,"5.5","ABI","ABI","ABI","10.5",5
1600,"SMAI","F",18,"0","4.75","5","4.875","14",4.857
1601,"SMAI","F",26,"ABI","ABI","ABI","ABI","10.5",2.929
